index,from_square,action_type,move,action_desc
0,a1,0,a1a2,북(N) 방향 거리 1
1,a1,1,a1a3,북(N) 방향 거리 2
2,a1,2,a1a4,북(N) 방향 거리 3
3,a1,3,a1a5,북(N) 방향 거리 4
4,a1,4,a1a6,북(N) 방향 거리 5
5,a1,5,a1a7,북(N) 방향 거리 6
6,a1,6,a1a8,북(N) 방향 거리 7
7,a1,7,a1b1,동(E) 방향 거리 1
8,a1,8,a1c1,동(E) 방향 거리 2
9,a1,9,a1d1,동(E) 방향 거리 3
10,a1,10,a1e1,동(E) 방향 거리 4
11,a1,11,a1f1,동(E) 방향 거리 5
12,a1,12,a1g1,동(E) 방향 거리 6
13,a1,13,a1h1,동(E) 방향 거리 7
14,a1,14,,남(S) 방향 거리 1
15,a1,15,,남(S) 방향 거리 2
16,a1,16,,남(S) 방향 거리 3
17,a1,17,,남(S) 방향 거리 4
18,a1,18,,남(S) 방향 거리 5
19,a1,19,,남(S) 방향 거리 6
20,a1,20,,남(S) 방향 거리 7
21,a1,21,,서(W) 방향 거리 1
22,a1,22,,서(W) 방향 거리 2
23,a1,23,,서(W) 방향 거리 3
24,a1,24,,서(W) 방향 거리 4
25,a1,25,,서(W) 방향 거리 5
26,a1,26,,서(W) 방향 거리 6
27,a1,27,,서(W) 방향 거리 7
28,a1,28,a1b2,북동(NE) 방향 거리 1
29,a1,29,a1c3,북동(NE) 방향 거리 2
30,a1,30,a1d4,북동(NE) 방향 거리 3
31,a1,31,a1e5,북동(NE) 방향 거리 4
32,a1,32,a1f6,북동(NE) 방향 거리 5
33,a1,33,a1g7,북동(NE) 방향 거리 6
34,a1,34,a1h8,북동(NE) 방향 거리 7
35,a1,35,,북서(NW) 방향 거리 1
36,a1,36,,북서(NW) 방향 거리 2
37,a1,37,,북서(NW) 방향 거리 3
38,a1,38,,북서(NW) 방향 거리 4
39,a1,39,,북서(NW) 방향 거리 5
40,a1,40,,북서(NW) 방향 거리 6
41,a1,41,,북서(NW) 방향 거리 7
42,a1,42,,남동(SE) 방향 거리 1
43,a1,43,,남동(SE) 방향 거리 2
44,a1,44,,남동(SE) 방향 거리 3
45,a1,45,,남동(SE) 방향 거리 4
46,a1,46,,남동(SE) 방향 거리 5
47,a1,47,,남동(SE) 방향 거리 6
48,a1,48,,남동(SE) 방향 거리 7
49,a1,49,,남서(SW) 방향 거리 1
50,a1,50,,남서(SW) 방향 거리 2
51,a1,51,,남서(SW) 방향 거리 3
52,a1,52,,남서(SW) 방향 거리 4
53,a1,53,,남서(SW) 방향 거리 5
54,a1,54,,남서(SW) 방향 거리 6
55,a1,55,,남서(SW) 방향 거리 7
56,a1,56,a1b3,"나이트 이동 (+1,+2)"
57,a1,57,a1c2,"나이트 이동 (+2,+1)"
58,a1,58,,"나이트 이동 (+2,−1)"
59,a1,59,,"나이트 이동 (+1,−2)"
60,a1,60,,"나이트 이동 (−1,−2)"
61,a1,61,,"나이트 이동 (−2,−1)"
62,a1,62,,"나이트 이동 (−2,+1)"
63,a1,63,,"나이트 이동 (−1,+2)"
64,a1,64,,폰 직진 승격 → 나이트
65,a1,65,,폰 직진 승격 → 비숍
66,a1,66,,폰 직진 승격 → 룩
67,a1,67,,폰 대각선 우 승격 → 나이트
68,a1,68,,폰 대각선 우 승격 → 비숍
69,a1,69,,폰 대각선 우 승격 → 룩
70,a1,70,,폰 대각선 좌 승격 → 나이트
71,a1,71,,폰 대각선 좌 승격 → 비숍
72,a1,72,,폰 대각선 좌 승격 → 룩
73,b1,0,b1b2,북(N) 방향 거리 1
74,b1,1,b1b3,북(N) 방향 거리 2
75,b1,2,b1b4,북(N) 방향 거리 3
76,b1,3,b1b5,북(N) 방향 거리 4
77,b1,4,b1b6,북(N) 방향 거리 5
78,b1,5,b1b7,북(N) 방향 거리 6
79,b1,6,b1b8,북(N) 방향 거리 7
80,b1,7,b1c1,동(E) 방향 거리 1
81,b1,8,b1d1,동(E) 방향 거리 2
82,b1,9,b1e1,동(E) 방향 거리 3
83,b1,10,b1f1,동(E) 방향 거리 4
84,b1,11,b1g1,동(E) 방향 거리 5
85,b1,12,b1h1,동(E) 방향 거리 6
86,b1,13,,동(E) 방향 거리 7
87,b1,14,,남(S) 방향 거리 1
88,b1,15,,남(S) 방향 거리 2
89,b1,16,,남(S) 방향 거리 3
90,b1,17,,남(S) 방향 거리 4
91,b1,18,,남(S) 방향 거리 5
92,b1,19,,남(S) 방향 거리 6
93,b1,20,,남(S) 방향 거리 7
94,b1,21,b1a1,서(W) 방향 거리 1
95,b1,22,,서(W) 방향 거리 2
96,b1,23,,서(W) 방향 거리 3
97,b1,24,,서(W) 방향 거리 4
98,b1,25,,서(W) 방향 거리 5
99,b1,26,,서(W) 방향 거리 6
100,b1,27,,서(W) 방향 거리 7
101,b1,28,b1c2,북동(NE) 방향 거리 1
102,b1,29,b1d3,북동(NE) 방향 거리 2
103,b1,30,b1e4,북동(NE) 방향 거리 3
104,b1,31,b1f5,북동(NE) 방향 거리 4
105,b1,32,b1g6,북동(NE) 방향 거리 5
106,b1,33,b1h7,북동(NE) 방향 거리 6
107,b1,34,,북동(NE) 방향 거리 7
108,b1,35,b1a2,북서(NW) 방향 거리 1
109,b1,36,,북서(NW) 방향 거리 2
110,b1,37,,북서(NW) 방향 거리 3
111,b1,38,,북서(NW) 방향 거리 4
112,b1,39,,북서(NW) 방향 거리 5
113,b1,40,,북서(NW) 방향 거리 6
114,b1,41,,북서(NW) 방향 거리 7
115,b1,42,,남동(SE) 방향 거리 1
116,b1,43,,남동(SE) 방향 거리 2
117,b1,44,,남동(SE) 방향 거리 3
118,b1,45,,남동(SE) 방향 거리 4
119,b1,46,,남동(SE) 방향 거리 5
120,b1,47,,남동(SE) 방향 거리 6
121,b1,48,,남동(SE) 방향 거리 7
122,b1,49,,남서(SW) 방향 거리 1
123,b1,50,,남서(SW) 방향 거리 2
124,b1,51,,남서(SW) 방향 거리 3
125,b1,52,,남서(SW) 방향 거리 4
126,b1,53,,남서(SW) 방향 거리 5
127,b1,54,,남서(SW) 방향 거리 6
128,b1,55,,남서(SW) 방향 거리 7
129,b1,56,b1c3,"나이트 이동 (+1,+2)"
130,b1,57,b1d2,"나이트 이동 (+2,+1)"
131,b1,58,,"나이트 이동 (+2,−1)"
132,b1,59,,"나이트 이동 (+1,−2)"
133,b1,60,,"나이트 이동 (−1,−2)"
134,b1,61,,"나이트 이동 (−2,−1)"
135,b1,62,,"나이트 이동 (−2,+1)"
136,b1,63,b1a3,"나이트 이동 (−1,+2)"
137,b1,64,,폰 직진 승격 → 나이트
138,b1,65,,폰 직진 승격 → 비숍
139,b1,66,,폰 직진 승격 → 룩
140,b1,67,,폰 대각선 우 승격 → 나이트
141,b1,68,,폰 대각선 우 승격 → 비숍
142,b1,69,,폰 대각선 우 승격 → 룩
143,b1,70,,폰 대각선 좌 승격 → 나이트
144,b1,71,,폰 대각선 좌 승격 → 비숍
145,b1,72,,폰 대각선 좌 승격 → 룩
146,c1,0,c1c2,북(N) 방향 거리 1
147,c1,1,c1c3,북(N) 방향 거리 2
148,c1,2,c1c4,북(N) 방향 거리 3
149,c1,3,c1c5,북(N) 방향 거리 4
150,c1,4,c1c6,북(N) 방향 거리 5
151,c1,5,c1c7,북(N) 방향 거리 6
152,c1,6,c1c8,북(N) 방향 거리 7
153,c1,7,c1d1,동(E) 방향 거리 1
154,c1,8,c1e1,동(E) 방향 거리 2
155,c1,9,c1f1,동(E) 방향 거리 3
156,c1,10,c1g1,동(E) 방향 거리 4
157,c1,11,c1h1,동(E) 방향 거리 5
158,c1,12,,동(E) 방향 거리 6
159,c1,13,,동(E) 방향 거리 7
160,c1,14,,남(S) 방향 거리 1
161,c1,15,,남(S) 방향 거리 2
162,c1,16,,남(S) 방향 거리 3
163,c1,17,,남(S) 방향 거리 4
164,c1,18,,남(S) 방향 거리 5
165,c1,19,,남(S) 방향 거리 6
166,c1,20,,남(S) 방향 거리 7
167,c1,21,c1b1,서(W) 방향 거리 1
168,c1,22,c1a1,서(W) 방향 거리 2
169,c1,23,,서(W) 방향 거리 3
170,c1,24,,서(W) 방향 거리 4
171,c1,25,,서(W) 방향 거리 5
172,c1,26,,서(W) 방향 거리 6
173,c1,27,,서(W) 방향 거리 7
174,c1,28,c1d2,북동(NE) 방향 거리 1
175,c1,29,c1e3,북동(NE) 방향 거리 2
176,c1,30,c1f4,북동(NE) 방향 거리 3
177,c1,31,c1g5,북동(NE) 방향 거리 4
178,c1,32,c1h6,북동(NE) 방향 거리 5
179,c1,33,,북동(NE) 방향 거리 6
180,c1,34,,북동(NE) 방향 거리 7
181,c1,35,c1b2,북서(NW) 방향 거리 1
182,c1,36,c1a3,북서(NW) 방향 거리 2
183,c1,37,,북서(NW) 방향 거리 3
184,c1,38,,북서(NW) 방향 거리 4
185,c1,39,,북서(NW) 방향 거리 5
186,c1,40,,북서(NW) 방향 거리 6
187,c1,41,,북서(NW) 방향 거리 7
188,c1,42,,남동(SE) 방향 거리 1
189,c1,43,,남동(SE) 방향 거리 2
190,c1,44,,남동(SE) 방향 거리 3
191,c1,45,,남동(SE) 방향 거리 4
192,c1,46,,남동(SE) 방향 거리 5
193,c1,47,,남동(SE) 방향 거리 6
194,c1,48,,남동(SE) 방향 거리 7
195,c1,49,,남서(SW) 방향 거리 1
196,c1,50,,남서(SW) 방향 거리 2
197,c1,51,,남서(SW) 방향 거리 3
198,c1,52,,남서(SW) 방향 거리 4
199,c1,53,,남서(SW) 방향 거리 5
200,c1,54,,남서(SW) 방향 거리 6
201,c1,55,,남서(SW) 방향 거리 7
202,c1,56,c1d3,"나이트 이동 (+1,+2)"
203,c1,57,c1e2,"나이트 이동 (+2,+1)"
204,c1,58,,"나이트 이동 (+2,−1)"
205,c1,59,,"나이트 이동 (+1,−2)"
206,c1,60,,"나이트 이동 (−1,−2)"
207,c1,61,,"나이트 이동 (−2,−1)"
208,c1,62,c1a2,"나이트 이동 (−2,+1)"
209,c1,63,c1b3,"나이트 이동 (−1,+2)"
210,c1,64,,폰 직진 승격 → 나이트
211,c1,65,,폰 직진 승격 → 비숍
212,c1,66,,폰 직진 승격 → 룩
213,c1,67,,폰 대각선 우 승격 → 나이트
214,c1,68,,폰 대각선 우 승격 → 비숍
215,c1,69,,폰 대각선 우 승격 → 룩
216,c1,70,,폰 대각선 좌 승격 → 나이트
217,c1,71,,폰 대각선 좌 승격 → 비숍
218,c1,72,,폰 대각선 좌 승격 → 룩
219,d1,0,d1d2,북(N) 방향 거리 1
220,d1,1,d1d3,북(N) 방향 거리 2
221,d1,2,d1d4,북(N) 방향 거리 3
222,d1,3,d1d5,북(N) 방향 거리 4
223,d1,4,d1d6,북(N) 방향 거리 5
224,d1,5,d1d7,북(N) 방향 거리 6
225,d1,6,d1d8,북(N) 방향 거리 7
226,d1,7,d1e1,동(E) 방향 거리 1
227,d1,8,d1f1,동(E) 방향 거리 2
228,d1,9,d1g1,동(E) 방향 거리 3
229,d1,10,d1h1,동(E) 방향 거리 4
230,d1,11,,동(E) 방향 거리 5
231,d1,12,,동(E) 방향 거리 6
232,d1,13,,동(E) 방향 거리 7
233,d1,14,,남(S) 방향 거리 1
234,d1,15,,남(S) 방향 거리 2
235,d1,16,,남(S) 방향 거리 3
236,d1,17,,남(S) 방향 거리 4
237,d1,18,,남(S) 방향 거리 5
238,d1,19,,남(S) 방향 거리 6
239,d1,20,,남(S) 방향 거리 7
240,d1,21,d1c1,서(W) 방향 거리 1
241,d1,22,d1b1,서(W) 방향 거리 2
242,d1,23,d1a1,서(W) 방향 거리 3
243,d1,24,,서(W) 방향 거리 4
244,d1,25,,서(W) 방향 거리 5
245,d1,26,,서(W) 방향 거리 6
246,d1,27,,서(W) 방향 거리 7
247,d1,28,d1e2,북동(NE) 방향 거리 1
248,d1,29,d1f3,북동(NE) 방향 거리 2
249,d1,30,d1g4,북동(NE) 방향 거리 3
250,d1,31,d1h5,북동(NE) 방향 거리 4
251,d1,32,,북동(NE) 방향 거리 5
252,d1,33,,북동(NE) 방향 거리 6
253,d1,34,,북동(NE) 방향 거리 7
254,d1,35,d1c2,북서(NW) 방향 거리 1
255,d1,36,d1b3,북서(NW) 방향 거리 2
256,d1,37,d1a4,북서(NW) 방향 거리 3
257,d1,38,,북서(NW) 방향 거리 4
258,d1,39,,북서(NW) 방향 거리 5
259,d1,40,,북서(NW) 방향 거리 6
260,d1,41,,북서(NW) 방향 거리 7
261,d1,42,,남동(SE) 방향 거리 1
262,d1,43,,남동(SE) 방향 거리 2
263,d1,44,,남동(SE) 방향 거리 3
264,d1,45,,남동(SE) 방향 거리 4
265,d1,46,,남동(SE) 방향 거리 5
266,d1,47,,남동(SE) 방향 거리 6
267,d1,48,,남동(SE) 방향 거리 7
268,d1,49,,남서(SW) 방향 거리 1
269,d1,50,,남서(SW) 방향 거리 2
270,d1,51,,남서(SW) 방향 거리 3
271,d1,52,,남서(SW) 방향 거리 4
272,d1,53,,남서(SW) 방향 거리 5
273,d1,54,,남서(SW) 방향 거리 6
274,d1,55,,남서(SW) 방향 거리 7
275,d1,56,d1e3,"나이트 이동 (+1,+2)"
276,d1,57,d1f2,"나이트 이동 (+2,+1)"
277,d1,58,,"나이트 이동 (+2,−1)"
278,d1,59,,"나이트 이동 (+1,−2)"
279,d1,60,,"나이트 이동 (−1,−2)"
280,d1,61,,"나이트 이동 (−2,−1)"
281,d1,62,d1b2,"나이트 이동 (−2,+1)"
282,d1,63,d1c3,"나이트 이동 (−1,+2)"
283,d1,64,,폰 직진 승격 → 나이트
284,d1,65,,폰 직진 승격 → 비숍
285,d1,66,,폰 직진 승격 → 룩
286,d1,67,,폰 대각선 우 승격 → 나이트
287,d1,68,,폰 대각선 우 승격 → 비숍
288,d1,69,,폰 대각선 우 승격 → 룩
289,d1,70,,폰 대각선 좌 승격 → 나이트
290,d1,71,,폰 대각선 좌 승격 → 비숍
291,d1,72,,폰 대각선 좌 승격 → 룩
292,e1,0,e1e2,북(N) 방향 거리 1
293,e1,1,e1e3,북(N) 방향 거리 2
294,e1,2,e1e4,북(N) 방향 거리 3
295,e1,3,e1e5,북(N) 방향 거리 4
296,e1,4,e1e6,북(N) 방향 거리 5
297,e1,5,e1e7,북(N) 방향 거리 6
298,e1,6,e1e8,북(N) 방향 거리 7
299,e1,7,e1f1,동(E) 방향 거리 1
300,e1,8,e1g1,동(E) 방향 거리 2
301,e1,9,e1h1,동(E) 방향 거리 3
302,e1,10,,동(E) 방향 거리 4
303,e1,11,,동(E) 방향 거리 5
304,e1,12,,동(E) 방향 거리 6
305,e1,13,,동(E) 방향 거리 7
306,e1,14,,남(S) 방향 거리 1
307,e1,15,,남(S) 방향 거리 2
308,e1,16,,남(S) 방향 거리 3
309,e1,17,,남(S) 방향 거리 4
310,e1,18,,남(S) 방향 거리 5
311,e1,19,,남(S) 방향 거리 6
312,e1,20,,남(S) 방향 거리 7
313,e1,21,e1d1,서(W) 방향 거리 1
314,e1,22,e1c1,서(W) 방향 거리 2
315,e1,23,e1b1,서(W) 방향 거리 3
316,e1,24,e1a1,서(W) 방향 거리 4
317,e1,25,,서(W) 방향 거리 5
318,e1,26,,서(W) 방향 거리 6
319,e1,27,,서(W) 방향 거리 7
320,e1,28,e1f2,북동(NE) 방향 거리 1
321,e1,29,e1g3,북동(NE) 방향 거리 2
322,e1,30,e1h4,북동(NE) 방향 거리 3
323,e1,31,,북동(NE) 방향 거리 4
324,e1,32,,북동(NE) 방향 거리 5
325,e1,33,,북동(NE) 방향 거리 6
326,e1,34,,북동(NE) 방향 거리 7
327,e1,35,e1d2,북서(NW) 방향 거리 1
328,e1,36,e1c3,북서(NW) 방향 거리 2
329,e1,37,e1b4,북서(NW) 방향 거리 3
330,e1,38,e1a5,북서(NW) 방향 거리 4
331,e1,39,,북서(NW) 방향 거리 5
332,e1,40,,북서(NW) 방향 거리 6
333,e1,41,,북서(NW) 방향 거리 7
334,e1,42,,남동(SE) 방향 거리 1
335,e1,43,,남동(SE) 방향 거리 2
336,e1,44,,남동(SE) 방향 거리 3
337,e1,45,,남동(SE) 방향 거리 4
338,e1,46,,남동(SE) 방향 거리 5
339,e1,47,,남동(SE) 방향 거리 6
340,e1,48,,남동(SE) 방향 거리 7
341,e1,49,,남서(SW) 방향 거리 1
342,e1,50,,남서(SW) 방향 거리 2
343,e1,51,,남서(SW) 방향 거리 3
344,e1,52,,남서(SW) 방향 거리 4
345,e1,53,,남서(SW) 방향 거리 5
346,e1,54,,남서(SW) 방향 거리 6
347,e1,55,,남서(SW) 방향 거리 7
348,e1,56,e1f3,"나이트 이동 (+1,+2)"
349,e1,57,e1g2,"나이트 이동 (+2,+1)"
350,e1,58,,"나이트 이동 (+2,−1)"
351,e1,59,,"나이트 이동 (+1,−2)"
352,e1,60,,"나이트 이동 (−1,−2)"
353,e1,61,,"나이트 이동 (−2,−1)"
354,e1,62,e1c2,"나이트 이동 (−2,+1)"
355,e1,63,e1d3,"나이트 이동 (−1,+2)"
356,e1,64,,폰 직진 승격 → 나이트
357,e1,65,,폰 직진 승격 → 비숍
358,e1,66,,폰 직진 승격 → 룩
359,e1,67,,폰 대각선 우 승격 → 나이트
360,e1,68,,폰 대각선 우 승격 → 비숍
361,e1,69,,폰 대각선 우 승격 → 룩
362,e1,70,,폰 대각선 좌 승격 → 나이트
363,e1,71,,폰 대각선 좌 승격 → 비숍
364,e1,72,,폰 대각선 좌 승격 → 룩
365,f1,0,f1f2,북(N) 방향 거리 1
366,f1,1,f1f3,북(N) 방향 거리 2
367,f1,2,f1f4,북(N) 방향 거리 3
368,f1,3,f1f5,북(N) 방향 거리 4
369,f1,4,f1f6,북(N) 방향 거리 5
370,f1,5,f1f7,북(N) 방향 거리 6
371,f1,6,f1f8,북(N) 방향 거리 7
372,f1,7,f1g1,동(E) 방향 거리 1
373,f1,8,f1h1,동(E) 방향 거리 2
374,f1,9,,동(E) 방향 거리 3
375,f1,10,,동(E) 방향 거리 4
376,f1,11,,동(E) 방향 거리 5
377,f1,12,,동(E) 방향 거리 6
378,f1,13,,동(E) 방향 거리 7
379,f1,14,,남(S) 방향 거리 1
380,f1,15,,남(S) 방향 거리 2
381,f1,16,,남(S) 방향 거리 3
382,f1,17,,남(S) 방향 거리 4
383,f1,18,,남(S) 방향 거리 5
384,f1,19,,남(S) 방향 거리 6
385,f1,20,,남(S) 방향 거리 7
386,f1,21,f1e1,서(W) 방향 거리 1
387,f1,22,f1d1,서(W) 방향 거리 2
388,f1,23,f1c1,서(W) 방향 거리 3
389,f1,24,f1b1,서(W) 방향 거리 4
390,f1,25,f1a1,서(W) 방향 거리 5
391,f1,26,,서(W) 방향 거리 6
392,f1,27,,서(W) 방향 거리 7
393,f1,28,f1g2,북동(NE) 방향 거리 1
394,f1,29,f1h3,북동(NE) 방향 거리 2
395,f1,30,,북동(NE) 방향 거리 3
396,f1,31,,북동(NE) 방향 거리 4
397,f1,32,,북동(NE) 방향 거리 5
398,f1,33,,북동(NE) 방향 거리 6
399,f1,34,,북동(NE) 방향 거리 7
400,f1,35,f1e2,북서(NW) 방향 거리 1
401,f1,36,f1d3,북서(NW) 방향 거리 2
402,f1,37,f1c4,북서(NW) 방향 거리 3
403,f1,38,f1b5,북서(NW) 방향 거리 4
404,f1,39,f1a6,북서(NW) 방향 거리 5
405,f1,40,,북서(NW) 방향 거리 6
406,f1,41,,북서(NW) 방향 거리 7
407,f1,42,,남동(SE) 방향 거리 1
408,f1,43,,남동(SE) 방향 거리 2
409,f1,44,,남동(SE) 방향 거리 3
410,f1,45,,남동(SE) 방향 거리 4
411,f1,46,,남동(SE) 방향 거리 5
412,f1,47,,남동(SE) 방향 거리 6
413,f1,48,,남동(SE) 방향 거리 7
414,f1,49,,남서(SW) 방향 거리 1
415,f1,50,,남서(SW) 방향 거리 2
416,f1,51,,남서(SW) 방향 거리 3
417,f1,52,,남서(SW) 방향 거리 4
418,f1,53,,남서(SW) 방향 거리 5
419,f1,54,,남서(SW) 방향 거리 6
420,f1,55,,남서(SW) 방향 거리 7
421,f1,56,f1g3,"나이트 이동 (+1,+2)"
422,f1,57,f1h2,"나이트 이동 (+2,+1)"
423,f1,58,,"나이트 이동 (+2,−1)"
424,f1,59,,"나이트 이동 (+1,−2)"
425,f1,60,,"나이트 이동 (−1,−2)"
426,f1,61,,"나이트 이동 (−2,−1)"
427,f1,62,f1d2,"나이트 이동 (−2,+1)"
428,f1,63,f1e3,"나이트 이동 (−1,+2)"
429,f1,64,,폰 직진 승격 → 나이트
430,f1,65,,폰 직진 승격 → 비숍
431,f1,66,,폰 직진 승격 → 룩
432,f1,67,,폰 대각선 우 승격 → 나이트
433,f1,68,,폰 대각선 우 승격 → 비숍
434,f1,69,,폰 대각선 우 승격 → 룩
435,f1,70,,폰 대각선 좌 승격 → 나이트
436,f1,71,,폰 대각선 좌 승격 → 비숍
437,f1,72,,폰 대각선 좌 승격 → 룩
438,g1,0,g1g2,북(N) 방향 거리 1
439,g1,1,g1g3,북(N) 방향 거리 2
440,g1,2,g1g4,북(N) 방향 거리 3
441,g1,3,g1g5,북(N) 방향 거리 4
442,g1,4,g1g6,북(N) 방향 거리 5
443,g1,5,g1g7,북(N) 방향 거리 6
444,g1,6,g1g8,북(N) 방향 거리 7
445,g1,7,g1h1,동(E) 방향 거리 1
446,g1,8,,동(E) 방향 거리 2
447,g1,9,,동(E) 방향 거리 3
448,g1,10,,동(E) 방향 거리 4
449,g1,11,,동(E) 방향 거리 5
450,g1,12,,동(E) 방향 거리 6
451,g1,13,,동(E) 방향 거리 7
452,g1,14,,남(S) 방향 거리 1
453,g1,15,,남(S) 방향 거리 2
454,g1,16,,남(S) 방향 거리 3
455,g1,17,,남(S) 방향 거리 4
456,g1,18,,남(S) 방향 거리 5
457,g1,19,,남(S) 방향 거리 6
458,g1,20,,남(S) 방향 거리 7
459,g1,21,g1f1,서(W) 방향 거리 1
460,g1,22,g1e1,서(W) 방향 거리 2
461,g1,23,g1d1,서(W) 방향 거리 3
462,g1,24,g1c1,서(W) 방향 거리 4
463,g1,25,g1b1,서(W) 방향 거리 5
464,g1,26,g1a1,서(W) 방향 거리 6
465,g1,27,,서(W) 방향 거리 7
466,g1,28,g1h2,북동(NE) 방향 거리 1
467,g1,29,,북동(NE) 방향 거리 2
468,g1,30,,북동(NE) 방향 거리 3
469,g1,31,,북동(NE) 방향 거리 4
470,g1,32,,북동(NE) 방향 거리 5
471,g1,33,,북동(NE) 방향 거리 6
472,g1,34,,북동(NE) 방향 거리 7
473,g1,35,g1f2,북서(NW) 방향 거리 1
474,g1,36,g1e3,북서(NW) 방향 거리 2
475,g1,37,g1d4,북서(NW) 방향 거리 3
476,g1,38,g1c5,북서(NW) 방향 거리 4
477,g1,39,g1b6,북서(NW) 방향 거리 5
478,g1,40,g1a7,북서(NW) 방향 거리 6
479,g1,41,,북서(NW) 방향 거리 7
480,g1,42,,남동(SE) 방향 거리 1
481,g1,43,,남동(SE) 방향 거리 2
482,g1,44,,남동(SE) 방향 거리 3
483,g1,45,,남동(SE) 방향 거리 4
484,g1,46,,남동(SE) 방향 거리 5
485,g1,47,,남동(SE) 방향 거리 6
486,g1,48,,남동(SE) 방향 거리 7
487,g1,49,,남서(SW) 방향 거리 1
488,g1,50,,남서(SW) 방향 거리 2
489,g1,51,,남서(SW) 방향 거리 3
490,g1,52,,남서(SW) 방향 거리 4
491,g1,53,,남서(SW) 방향 거리 5
492,g1,54,,남서(SW) 방향 거리 6
493,g1,55,,남서(SW) 방향 거리 7
494,g1,56,g1h3,"나이트 이동 (+1,+2)"
495,g1,57,,"나이트 이동 (+2,+1)"
496,g1,58,,"나이트 이동 (+2,−1)"
497,g1,59,,"나이트 이동 (+1,−2)"
498,g1,60,,"나이트 이동 (−1,−2)"
499,g1,61,,"나이트 이동 (−2,−1)"
500,g1,62,g1e2,"나이트 이동 (−2,+1)"
501,g1,63,g1f3,"나이트 이동 (−1,+2)"
502,g1,64,,폰 직진 승격 → 나이트
503,g1,65,,폰 직진 승격 → 비숍
504,g1,66,,폰 직진 승격 → 룩
505,g1,67,,폰 대각선 우 승격 → 나이트
506,g1,68,,폰 대각선 우 승격 → 비숍
507,g1,69,,폰 대각선 우 승격 → 룩
508,g1,70,,폰 대각선 좌 승격 → 나이트
509,g1,71,,폰 대각선 좌 승격 → 비숍
510,g1,72,,폰 대각선 좌 승격 → 룩
511,h1,0,h1h2,북(N) 방향 거리 1
512,h1,1,h1h3,북(N) 방향 거리 2
513,h1,2,h1h4,북(N) 방향 거리 3
514,h1,3,h1h5,북(N) 방향 거리 4
515,h1,4,h1h6,북(N) 방향 거리 5
516,h1,5,h1h7,북(N) 방향 거리 6
517,h1,6,h1h8,북(N) 방향 거리 7
518,h1,7,,동(E) 방향 거리 1
519,h1,8,,동(E) 방향 거리 2
520,h1,9,,동(E) 방향 거리 3
521,h1,10,,동(E) 방향 거리 4
522,h1,11,,동(E) 방향 거리 5
523,h1,12,,동(E) 방향 거리 6
524,h1,13,,동(E) 방향 거리 7
525,h1,14,,남(S) 방향 거리 1
526,h1,15,,남(S) 방향 거리 2
527,h1,16,,남(S) 방향 거리 3
528,h1,17,,남(S) 방향 거리 4
529,h1,18,,남(S) 방향 거리 5
530,h1,19,,남(S) 방향 거리 6
531,h1,20,,남(S) 방향 거리 7
532,h1,21,h1g1,서(W) 방향 거리 1
533,h1,22,h1f1,서(W) 방향 거리 2
534,h1,23,h1e1,서(W) 방향 거리 3
535,h1,24,h1d1,서(W) 방향 거리 4
536,h1,25,h1c1,서(W) 방향 거리 5
537,h1,26,h1b1,서(W) 방향 거리 6
538,h1,27,h1a1,서(W) 방향 거리 7
539,h1,28,,북동(NE) 방향 거리 1
540,h1,29,,북동(NE) 방향 거리 2
541,h1,30,,북동(NE) 방향 거리 3
542,h1,31,,북동(NE) 방향 거리 4
543,h1,32,,북동(NE) 방향 거리 5
544,h1,33,,북동(NE) 방향 거리 6
545,h1,34,,북동(NE) 방향 거리 7
546,h1,35,h1g2,북서(NW) 방향 거리 1
547,h1,36,h1f3,북서(NW) 방향 거리 2
548,h1,37,h1e4,북서(NW) 방향 거리 3
549,h1,38,h1d5,북서(NW) 방향 거리 4
550,h1,39,h1c6,북서(NW) 방향 거리 5
551,h1,40,h1b7,북서(NW) 방향 거리 6
552,h1,41,h1a8,북서(NW) 방향 거리 7
553,h1,42,,남동(SE) 방향 거리 1
554,h1,43,,남동(SE) 방향 거리 2
555,h1,44,,남동(SE) 방향 거리 3
556,h1,45,,남동(SE) 방향 거리 4
557,h1,46,,남동(SE) 방향 거리 5
558,h1,47,,남동(SE) 방향 거리 6
559,h1,48,,남동(SE) 방향 거리 7
560,h1,49,,남서(SW) 방향 거리 1
561,h1,50,,남서(SW) 방향 거리 2
562,h1,51,,남서(SW) 방향 거리 3
563,h1,52,,남서(SW) 방향 거리 4
564,h1,53,,남서(SW) 방향 거리 5
565,h1,54,,남서(SW) 방향 거리 6
566,h1,55,,남서(SW) 방향 거리 7
567,h1,56,,"나이트 이동 (+1,+2)"
568,h1,57,,"나이트 이동 (+2,+1)"
569,h1,58,,"나이트 이동 (+2,−1)"
570,h1,59,,"나이트 이동 (+1,−2)"
571,h1,60,,"나이트 이동 (−1,−2)"
572,h1,61,,"나이트 이동 (−2,−1)"
573,h1,62,h1f2,"나이트 이동 (−2,+1)"
574,h1,63,h1g3,"나이트 이동 (−1,+2)"
575,h1,64,,폰 직진 승격 → 나이트
576,h1,65,,폰 직진 승격 → 비숍
577,h1,66,,폰 직진 승격 → 룩
578,h1,67,,폰 대각선 우 승격 → 나이트
579,h1,68,,폰 대각선 우 승격 → 비숍
580,h1,69,,폰 대각선 우 승격 → 룩
581,h1,70,,폰 대각선 좌 승격 → 나이트
582,h1,71,,폰 대각선 좌 승격 → 비숍
583,h1,72,,폰 대각선 좌 승격 → 룩
584,a2,0,a2a3,북(N) 방향 거리 1
585,a2,1,a2a4,북(N) 방향 거리 2
586,a2,2,a2a5,북(N) 방향 거리 3
587,a2,3,a2a6,북(N) 방향 거리 4
588,a2,4,a2a7,북(N) 방향 거리 5
589,a2,5,a2a8,북(N) 방향 거리 6
590,a2,6,,북(N) 방향 거리 7
591,a2,7,a2b2,동(E) 방향 거리 1
592,a2,8,a2c2,동(E) 방향 거리 2
593,a2,9,a2d2,동(E) 방향 거리 3
594,a2,10,a2e2,동(E) 방향 거리 4
595,a2,11,a2f2,동(E) 방향 거리 5
596,a2,12,a2g2,동(E) 방향 거리 6
597,a2,13,a2h2,동(E) 방향 거리 7
598,a2,14,a2a1,남(S) 방향 거리 1
599,a2,15,,남(S) 방향 거리 2
600,a2,16,,남(S) 방향 거리 3
601,a2,17,,남(S) 방향 거리 4
602,a2,18,,남(S) 방향 거리 5
603,a2,19,,남(S) 방향 거리 6
604,a2,20,,남(S) 방향 거리 7
605,a2,21,,서(W) 방향 거리 1
606,a2,22,,서(W) 방향 거리 2
607,a2,23,,서(W) 방향 거리 3
608,a2,24,,서(W) 방향 거리 4
609,a2,25,,서(W) 방향 거리 5
610,a2,26,,서(W) 방향 거리 6
611,a2,27,,서(W) 방향 거리 7
612,a2,28,a2b3,북동(NE) 방향 거리 1
613,a2,29,a2c4,북동(NE) 방향 거리 2
614,a2,30,a2d5,북동(NE) 방향 거리 3
615,a2,31,a2e6,북동(NE) 방향 거리 4
616,a2,32,a2f7,북동(NE) 방향 거리 5
617,a2,33,a2g8,북동(NE) 방향 거리 6
618,a2,34,,북동(NE) 방향 거리 7
619,a2,35,,북서(NW) 방향 거리 1
620,a2,36,,북서(NW) 방향 거리 2
621,a2,37,,북서(NW) 방향 거리 3
622,a2,38,,북서(NW) 방향 거리 4
623,a2,39,,북서(NW) 방향 거리 5
624,a2,40,,북서(NW) 방향 거리 6
625,a2,41,,북서(NW) 방향 거리 7
626,a2,42,a2b1,남동(SE) 방향 거리 1
627,a2,43,,남동(SE) 방향 거리 2
628,a2,44,,남동(SE) 방향 거리 3
629,a2,45,,남동(SE) 방향 거리 4
630,a2,46,,남동(SE) 방향 거리 5
631,a2,47,,남동(SE) 방향 거리 6
632,a2,48,,남동(SE) 방향 거리 7
633,a2,49,,남서(SW) 방향 거리 1
634,a2,50,,남서(SW) 방향 거리 2
635,a2,51,,남서(SW) 방향 거리 3
636,a2,52,,남서(SW) 방향 거리 4
637,a2,53,,남서(SW) 방향 거리 5
638,a2,54,,남서(SW) 방향 거리 6
639,a2,55,,남서(SW) 방향 거리 7
640,a2,56,a2b4,"나이트 이동 (+1,+2)"
641,a2,57,a2c3,"나이트 이동 (+2,+1)"
642,a2,58,a2c1,"나이트 이동 (+2,−1)"
643,a2,59,,"나이트 이동 (+1,−2)"
644,a2,60,,"나이트 이동 (−1,−2)"
645,a2,61,,"나이트 이동 (−2,−1)"
646,a2,62,,"나이트 이동 (−2,+1)"
647,a2,63,,"나이트 이동 (−1,+2)"
648,a2,64,,폰 직진 승격 → 나이트
649,a2,65,,폰 직진 승격 → 비숍
650,a2,66,,폰 직진 승격 → 룩
651,a2,67,,폰 대각선 우 승격 → 나이트
652,a2,68,,폰 대각선 우 승격 → 비숍
653,a2,69,,폰 대각선 우 승격 → 룩
654,a2,70,,폰 대각선 좌 승격 → 나이트
655,a2,71,,폰 대각선 좌 승격 → 비숍
656,a2,72,,폰 대각선 좌 승격 → 룩
657,b2,0,b2b3,북(N) 방향 거리 1
658,b2,1,b2b4,북(N) 방향 거리 2
659,b2,2,b2b5,북(N) 방향 거리 3
660,b2,3,b2b6,북(N) 방향 거리 4
661,b2,4,b2b7,북(N) 방향 거리 5
662,b2,5,b2b8,북(N) 방향 거리 6
663,b2,6,,북(N) 방향 거리 7
664,b2,7,b2c2,동(E) 방향 거리 1
665,b2,8,b2d2,동(E) 방향 거리 2
666,b2,9,b2e2,동(E) 방향 거리 3
667,b2,10,b2f2,동(E) 방향 거리 4
668,b2,11,b2g2,동(E) 방향 거리 5
669,b2,12,b2h2,동(E) 방향 거리 6
670,b2,13,,동(E) 방향 거리 7
671,b2,14,b2b1,남(S) 방향 거리 1
672,b2,15,,남(S) 방향 거리 2
673,b2,16,,남(S) 방향 거리 3
674,b2,17,,남(S) 방향 거리 4
675,b2,18,,남(S) 방향 거리 5
676,b2,19,,남(S) 방향 거리 6
677,b2,20,,남(S) 방향 거리 7
678,b2,21,b2a2,서(W) 방향 거리 1
679,b2,22,,서(W) 방향 거리 2
680,b2,23,,서(W) 방향 거리 3
681,b2,24,,서(W) 방향 거리 4
682,b2,25,,서(W) 방향 거리 5
683,b2,26,,서(W) 방향 거리 6
684,b2,27,,서(W) 방향 거리 7
685,b2,28,b2c3,북동(NE) 방향 거리 1
686,b2,29,b2d4,북동(NE) 방향 거리 2
687,b2,30,b2e5,북동(NE) 방향 거리 3
688,b2,31,b2f6,북동(NE) 방향 거리 4
689,b2,32,b2g7,북동(NE) 방향 거리 5
690,b2,33,b2h8,북동(NE) 방향 거리 6
691,b2,34,,북동(NE) 방향 거리 7
692,b2,35,b2a3,북서(NW) 방향 거리 1
693,b2,36,,북서(NW) 방향 거리 2
694,b2,37,,북서(NW) 방향 거리 3
695,b2,38,,북서(NW) 방향 거리 4
696,b2,39,,북서(NW) 방향 거리 5
697,b2,40,,북서(NW) 방향 거리 6
698,b2,41,,북서(NW) 방향 거리 7
699,b2,42,b2c1,남동(SE) 방향 거리 1
700,b2,43,,남동(SE) 방향 거리 2
701,b2,44,,남동(SE) 방향 거리 3
702,b2,45,,남동(SE) 방향 거리 4
703,b2,46,,남동(SE) 방향 거리 5
704,b2,47,,남동(SE) 방향 거리 6
705,b2,48,,남동(SE) 방향 거리 7
706,b2,49,b2a1,남서(SW) 방향 거리 1
707,b2,50,,남서(SW) 방향 거리 2
708,b2,51,,남서(SW) 방향 거리 3
709,b2,52,,남서(SW) 방향 거리 4
710,b2,53,,남서(SW) 방향 거리 5
711,b2,54,,남서(SW) 방향 거리 6
712,b2,55,,남서(SW) 방향 거리 7
713,b2,56,b2c4,"나이트 이동 (+1,+2)"
714,b2,57,b2d3,"나이트 이동 (+2,+1)"
715,b2,58,b2d1,"나이트 이동 (+2,−1)"
716,b2,59,,"나이트 이동 (+1,−2)"
717,b2,60,,"나이트 이동 (−1,−2)"
718,b2,61,,"나이트 이동 (−2,−1)"
719,b2,62,,"나이트 이동 (−2,+1)"
720,b2,63,b2a4,"나이트 이동 (−1,+2)"
721,b2,64,,폰 직진 승격 → 나이트
722,b2,65,,폰 직진 승격 → 비숍
723,b2,66,,폰 직진 승격 → 룩
724,b2,67,,폰 대각선 우 승격 → 나이트
725,b2,68,,폰 대각선 우 승격 → 비숍
726,b2,69,,폰 대각선 우 승격 → 룩
727,b2,70,,폰 대각선 좌 승격 → 나이트
728,b2,71,,폰 대각선 좌 승격 → 비숍
729,b2,72,,폰 대각선 좌 승격 → 룩
730,c2,0,c2c3,북(N) 방향 거리 1
731,c2,1,c2c4,북(N) 방향 거리 2
732,c2,2,c2c5,북(N) 방향 거리 3
733,c2,3,c2c6,북(N) 방향 거리 4
734,c2,4,c2c7,북(N) 방향 거리 5
735,c2,5,c2c8,북(N) 방향 거리 6
736,c2,6,,북(N) 방향 거리 7
737,c2,7,c2d2,동(E) 방향 거리 1
738,c2,8,c2e2,동(E) 방향 거리 2
739,c2,9,c2f2,동(E) 방향 거리 3
740,c2,10,c2g2,동(E) 방향 거리 4
741,c2,11,c2h2,동(E) 방향 거리 5
742,c2,12,,동(E) 방향 거리 6
743,c2,13,,동(E) 방향 거리 7
744,c2,14,c2c1,남(S) 방향 거리 1
745,c2,15,,남(S) 방향 거리 2
746,c2,16,,남(S) 방향 거리 3
747,c2,17,,남(S) 방향 거리 4
748,c2,18,,남(S) 방향 거리 5
749,c2,19,,남(S) 방향 거리 6
750,c2,20,,남(S) 방향 거리 7
751,c2,21,c2b2,서(W) 방향 거리 1
752,c2,22,c2a2,서(W) 방향 거리 2
753,c2,23,,서(W) 방향 거리 3
754,c2,24,,서(W) 방향 거리 4
755,c2,25,,서(W) 방향 거리 5
756,c2,26,,서(W) 방향 거리 6
757,c2,27,,서(W) 방향 거리 7
758,c2,28,c2d3,북동(NE) 방향 거리 1
759,c2,29,c2e4,북동(NE) 방향 거리 2
760,c2,30,c2f5,북동(NE) 방향 거리 3
761,c2,31,c2g6,북동(NE) 방향 거리 4
762,c2,32,c2h7,북동(NE) 방향 거리 5
763,c2,33,,북동(NE) 방향 거리 6
764,c2,34,,북동(NE) 방향 거리 7
765,c2,35,c2b3,북서(NW) 방향 거리 1
766,c2,36,c2a4,북서(NW) 방향 거리 2
767,c2,37,,북서(NW) 방향 거리 3
768,c2,38,,북서(NW) 방향 거리 4
769,c2,39,,북서(NW) 방향 거리 5
770,c2,40,,북서(NW) 방향 거리 6
771,c2,41,,북서(NW) 방향 거리 7
772,c2,42,c2d1,남동(SE) 방향 거리 1
773,c2,43,,남동(SE) 방향 거리 2
774,c2,44,,남동(SE) 방향 거리 3
775,c2,45,,남동(SE) 방향 거리 4
776,c2,46,,남동(SE) 방향 거리 5
777,c2,47,,남동(SE) 방향 거리 6
778,c2,48,,남동(SE) 방향 거리 7
779,c2,49,c2b1,남서(SW) 방향 거리 1
780,c2,50,,남서(SW) 방향 거리 2
781,c2,51,,남서(SW) 방향 거리 3
782,c2,52,,남서(SW) 방향 거리 4
783,c2,53,,남서(SW) 방향 거리 5
784,c2,54,,남서(SW) 방향 거리 6
785,c2,55,,남서(SW) 방향 거리 7
786,c2,56,c2d4,"나이트 이동 (+1,+2)"
787,c2,57,c2e3,"나이트 이동 (+2,+1)"
788,c2,58,c2e1,"나이트 이동 (+2,−1)"
789,c2,59,,"나이트 이동 (+1,−2)"
790,c2,60,,"나이트 이동 (−1,−2)"
791,c2,61,c2a1,"나이트 이동 (−2,−1)"
792,c2,62,c2a3,"나이트 이동 (−2,+1)"
793,c2,63,c2b4,"나이트 이동 (−1,+2)"
794,c2,64,,폰 직진 승격 → 나이트
795,c2,65,,폰 직진 승격 → 비숍
796,c2,66,,폰 직진 승격 → 룩
797,c2,67,,폰 대각선 우 승격 → 나이트
798,c2,68,,폰 대각선 우 승격 → 비숍
799,c2,69,,폰 대각선 우 승격 → 룩
800,c2,70,,폰 대각선 좌 승격 → 나이트
801,c2,71,,폰 대각선 좌 승격 → 비숍
802,c2,72,,폰 대각선 좌 승격 → 룩
803,d2,0,d2d3,북(N) 방향 거리 1
804,d2,1,d2d4,북(N) 방향 거리 2
805,d2,2,d2d5,북(N) 방향 거리 3
806,d2,3,d2d6,북(N) 방향 거리 4
807,d2,4,d2d7,북(N) 방향 거리 5
808,d2,5,d2d8,북(N) 방향 거리 6
809,d2,6,,북(N) 방향 거리 7
810,d2,7,d2e2,동(E) 방향 거리 1
811,d2,8,d2f2,동(E) 방향 거리 2
812,d2,9,d2g2,동(E) 방향 거리 3
813,d2,10,d2h2,동(E) 방향 거리 4
814,d2,11,,동(E) 방향 거리 5
815,d2,12,,동(E) 방향 거리 6
816,d2,13,,동(E) 방향 거리 7
817,d2,14,d2d1,남(S) 방향 거리 1
818,d2,15,,남(S) 방향 거리 2
819,d2,16,,남(S) 방향 거리 3
820,d2,17,,남(S) 방향 거리 4
821,d2,18,,남(S) 방향 거리 5
822,d2,19,,남(S) 방향 거리 6
823,d2,20,,남(S) 방향 거리 7
824,d2,21,d2c2,서(W) 방향 거리 1
825,d2,22,d2b2,서(W) 방향 거리 2
826,d2,23,d2a2,서(W) 방향 거리 3
827,d2,24,,서(W) 방향 거리 4
828,d2,25,,서(W) 방향 거리 5
829,d2,26,,서(W) 방향 거리 6
830,d2,27,,서(W) 방향 거리 7
831,d2,28,d2e3,북동(NE) 방향 거리 1
832,d2,29,d2f4,북동(NE) 방향 거리 2
833,d2,30,d2g5,북동(NE) 방향 거리 3
834,d2,31,d2h6,북동(NE) 방향 거리 4
835,d2,32,,북동(NE) 방향 거리 5
836,d2,33,,북동(NE) 방향 거리 6
837,d2,34,,북동(NE) 방향 거리 7
838,d2,35,d2c3,북서(NW) 방향 거리 1
839,d2,36,d2b4,북서(NW) 방향 거리 2
840,d2,37,d2a5,북서(NW) 방향 거리 3
841,d2,38,,북서(NW) 방향 거리 4
842,d2,39,,북서(NW) 방향 거리 5
843,d2,40,,북서(NW) 방향 거리 6
844,d2,41,,북서(NW) 방향 거리 7
845,d2,42,d2e1,남동(SE) 방향 거리 1
846,d2,43,,남동(SE) 방향 거리 2
847,d2,44,,남동(SE) 방향 거리 3
848,d2,45,,남동(SE) 방향 거리 4
849,d2,46,,남동(SE) 방향 거리 5
850,d2,47,,남동(SE) 방향 거리 6
851,d2,48,,남동(SE) 방향 거리 7
852,d2,49,d2c1,남서(SW) 방향 거리 1
853,d2,50,,남서(SW) 방향 거리 2
854,d2,51,,남서(SW) 방향 거리 3
855,d2,52,,남서(SW) 방향 거리 4
856,d2,53,,남서(SW) 방향 거리 5
857,d2,54,,남서(SW) 방향 거리 6
858,d2,55,,남서(SW) 방향 거리 7
859,d2,56,d2e4,"나이트 이동 (+1,+2)"
860,d2,57,d2f3,"나이트 이동 (+2,+1)"
861,d2,58,d2f1,"나이트 이동 (+2,−1)"
862,d2,59,,"나이트 이동 (+1,−2)"
863,d2,60,,"나이트 이동 (−1,−2)"
864,d2,61,d2b1,"나이트 이동 (−2,−1)"
865,d2,62,d2b3,"나이트 이동 (−2,+1)"
866,d2,63,d2c4,"나이트 이동 (−1,+2)"
867,d2,64,,폰 직진 승격 → 나이트
868,d2,65,,폰 직진 승격 → 비숍
869,d2,66,,폰 직진 승격 → 룩
870,d2,67,,폰 대각선 우 승격 → 나이트
871,d2,68,,폰 대각선 우 승격 → 비숍
872,d2,69,,폰 대각선 우 승격 → 룩
873,d2,70,,폰 대각선 좌 승격 → 나이트
874,d2,71,,폰 대각선 좌 승격 → 비숍
875,d2,72,,폰 대각선 좌 승격 → 룩
876,e2,0,e2e3,북(N) 방향 거리 1
877,e2,1,e2e4,북(N) 방향 거리 2
878,e2,2,e2e5,북(N) 방향 거리 3
879,e2,3,e2e6,북(N) 방향 거리 4
880,e2,4,e2e7,북(N) 방향 거리 5
881,e2,5,e2e8,북(N) 방향 거리 6
882,e2,6,,북(N) 방향 거리 7
883,e2,7,e2f2,동(E) 방향 거리 1
884,e2,8,e2g2,동(E) 방향 거리 2
885,e2,9,e2h2,동(E) 방향 거리 3
886,e2,10,,동(E) 방향 거리 4
887,e2,11,,동(E) 방향 거리 5
888,e2,12,,동(E) 방향 거리 6
889,e2,13,,동(E) 방향 거리 7
890,e2,14,e2e1,남(S) 방향 거리 1
891,e2,15,,남(S) 방향 거리 2
892,e2,16,,남(S) 방향 거리 3
893,e2,17,,남(S) 방향 거리 4
894,e2,18,,남(S) 방향 거리 5
895,e2,19,,남(S) 방향 거리 6
896,e2,20,,남(S) 방향 거리 7
897,e2,21,e2d2,서(W) 방향 거리 1
898,e2,22,e2c2,서(W) 방향 거리 2
899,e2,23,e2b2,서(W) 방향 거리 3
900,e2,24,e2a2,서(W) 방향 거리 4
901,e2,25,,서(W) 방향 거리 5
902,e2,26,,서(W) 방향 거리 6
903,e2,27,,서(W) 방향 거리 7
904,e2,28,e2f3,북동(NE) 방향 거리 1
905,e2,29,e2g4,북동(NE) 방향 거리 2
906,e2,30,e2h5,북동(NE) 방향 거리 3
907,e2,31,,북동(NE) 방향 거리 4
908,e2,32,,북동(NE) 방향 거리 5
909,e2,33,,북동(NE) 방향 거리 6
910,e2,34,,북동(NE) 방향 거리 7
911,e2,35,e2d3,북서(NW) 방향 거리 1
912,e2,36,e2c4,북서(NW) 방향 거리 2
913,e2,37,e2b5,북서(NW) 방향 거리 3
914,e2,38,e2a6,북서(NW) 방향 거리 4
915,e2,39,,북서(NW) 방향 거리 5
916,e2,40,,북서(NW) 방향 거리 6
917,e2,41,,북서(NW) 방향 거리 7
918,e2,42,e2f1,남동(SE) 방향 거리 1
919,e2,43,,남동(SE) 방향 거리 2
920,e2,44,,남동(SE) 방향 거리 3
921,e2,45,,남동(SE) 방향 거리 4
922,e2,46,,남동(SE) 방향 거리 5
923,e2,47,,남동(SE) 방향 거리 6
924,e2,48,,남동(SE) 방향 거리 7
925,e2,49,e2d1,남서(SW) 방향 거리 1
926,e2,50,,남서(SW) 방향 거리 2
927,e2,51,,남서(SW) 방향 거리 3
928,e2,52,,남서(SW) 방향 거리 4
929,e2,53,,남서(SW) 방향 거리 5
930,e2,54,,남서(SW) 방향 거리 6
931,e2,55,,남서(SW) 방향 거리 7
932,e2,56,e2f4,"나이트 이동 (+1,+2)"
933,e2,57,e2g3,"나이트 이동 (+2,+1)"
934,e2,58,e2g1,"나이트 이동 (+2,−1)"
935,e2,59,,"나이트 이동 (+1,−2)"
936,e2,60,,"나이트 이동 (−1,−2)"
937,e2,61,e2c1,"나이트 이동 (−2,−1)"
938,e2,62,e2c3,"나이트 이동 (−2,+1)"
939,e2,63,e2d4,"나이트 이동 (−1,+2)"
940,e2,64,,폰 직진 승격 → 나이트
941,e2,65,,폰 직진 승격 → 비숍
942,e2,66,,폰 직진 승격 → 룩
943,e2,67,,폰 대각선 우 승격 → 나이트
944,e2,68,,폰 대각선 우 승격 → 비숍
945,e2,69,,폰 대각선 우 승격 → 룩
946,e2,70,,폰 대각선 좌 승격 → 나이트
947,e2,71,,폰 대각선 좌 승격 → 비숍
948,e2,72,,폰 대각선 좌 승격 → 룩
949,f2,0,f2f3,북(N) 방향 거리 1
950,f2,1,f2f4,북(N) 방향 거리 2
951,f2,2,f2f5,북(N) 방향 거리 3
952,f2,3,f2f6,북(N) 방향 거리 4
953,f2,4,f2f7,북(N) 방향 거리 5
954,f2,5,f2f8,북(N) 방향 거리 6
955,f2,6,,북(N) 방향 거리 7
956,f2,7,f2g2,동(E) 방향 거리 1
957,f2,8,f2h2,동(E) 방향 거리 2
958,f2,9,,동(E) 방향 거리 3
959,f2,10,,동(E) 방향 거리 4
960,f2,11,,동(E) 방향 거리 5
961,f2,12,,동(E) 방향 거리 6
962,f2,13,,동(E) 방향 거리 7
963,f2,14,f2f1,남(S) 방향 거리 1
964,f2,15,,남(S) 방향 거리 2
965,f2,16,,남(S) 방향 거리 3
966,f2,17,,남(S) 방향 거리 4
967,f2,18,,남(S) 방향 거리 5
968,f2,19,,남(S) 방향 거리 6
969,f2,20,,남(S) 방향 거리 7
970,f2,21,f2e2,서(W) 방향 거리 1
971,f2,22,f2d2,서(W) 방향 거리 2
972,f2,23,f2c2,서(W) 방향 거리 3
973,f2,24,f2b2,서(W) 방향 거리 4
974,f2,25,f2a2,서(W) 방향 거리 5
975,f2,26,,서(W) 방향 거리 6
976,f2,27,,서(W) 방향 거리 7
977,f2,28,f2g3,북동(NE) 방향 거리 1
978,f2,29,f2h4,북동(NE) 방향 거리 2
979,f2,30,,북동(NE) 방향 거리 3
980,f2,31,,북동(NE) 방향 거리 4
981,f2,32,,북동(NE) 방향 거리 5
982,f2,33,,북동(NE) 방향 거리 6
983,f2,34,,북동(NE) 방향 거리 7
984,f2,35,f2e3,북서(NW) 방향 거리 1
985,f2,36,f2d4,북서(NW) 방향 거리 2
986,f2,37,f2c5,북서(NW) 방향 거리 3
987,f2,38,f2b6,북서(NW) 방향 거리 4
988,f2,39,f2a7,북서(NW) 방향 거리 5
989,f2,40,,북서(NW) 방향 거리 6
990,f2,41,,북서(NW) 방향 거리 7
991,f2,42,f2g1,남동(SE) 방향 거리 1
992,f2,43,,남동(SE) 방향 거리 2
993,f2,44,,남동(SE) 방향 거리 3
994,f2,45,,남동(SE) 방향 거리 4
995,f2,46,,남동(SE) 방향 거리 5
996,f2,47,,남동(SE) 방향 거리 6
997,f2,48,,남동(SE) 방향 거리 7
998,f2,49,f2e1,남서(SW) 방향 거리 1
999,f2,50,,남서(SW) 방향 거리 2
1000,f2,51,,남서(SW) 방향 거리 3
1001,f2,52,,남서(SW) 방향 거리 4
1002,f2,53,,남서(SW) 방향 거리 5
1003,f2,54,,남서(SW) 방향 거리 6
1004,f2,55,,남서(SW) 방향 거리 7
1005,f2,56,f2g4,"나이트 이동 (+1,+2)"
1006,f2,57,f2h3,"나이트 이동 (+2,+1)"
1007,f2,58,f2h1,"나이트 이동 (+2,−1)"
1008,f2,59,,"나이트 이동 (+1,−2)"
1009,f2,60,,"나이트 이동 (−1,−2)"
1010,f2,61,f2d1,"나이트 이동 (−2,−1)"
1011,f2,62,f2d3,"나이트 이동 (−2,+1)"
1012,f2,63,f2e4,"나이트 이동 (−1,+2)"
1013,f2,64,,폰 직진 승격 → 나이트
1014,f2,65,,폰 직진 승격 → 비숍
1015,f2,66,,폰 직진 승격 → 룩
1016,f2,67,,폰 대각선 우 승격 → 나이트
1017,f2,68,,폰 대각선 우 승격 → 비숍
1018,f2,69,,폰 대각선 우 승격 → 룩
1019,f2,70,,폰 대각선 좌 승격 → 나이트
1020,f2,71,,폰 대각선 좌 승격 → 비숍
1021,f2,72,,폰 대각선 좌 승격 → 룩
1022,g2,0,g2g3,북(N) 방향 거리 1
1023,g2,1,g2g4,북(N) 방향 거리 2
1024,g2,2,g2g5,북(N) 방향 거리 3
1025,g2,3,g2g6,북(N) 방향 거리 4
1026,g2,4,g2g7,북(N) 방향 거리 5
1027,g2,5,g2g8,북(N) 방향 거리 6
1028,g2,6,,북(N) 방향 거리 7
1029,g2,7,g2h2,동(E) 방향 거리 1
1030,g2,8,,동(E) 방향 거리 2
1031,g2,9,,동(E) 방향 거리 3
1032,g2,10,,동(E) 방향 거리 4
1033,g2,11,,동(E) 방향 거리 5
1034,g2,12,,동(E) 방향 거리 6
1035,g2,13,,동(E) 방향 거리 7
1036,g2,14,g2g1,남(S) 방향 거리 1
1037,g2,15,,남(S) 방향 거리 2
1038,g2,16,,남(S) 방향 거리 3
1039,g2,17,,남(S) 방향 거리 4
1040,g2,18,,남(S) 방향 거리 5
1041,g2,19,,남(S) 방향 거리 6
1042,g2,20,,남(S) 방향 거리 7
1043,g2,21,g2f2,서(W) 방향 거리 1
1044,g2,22,g2e2,서(W) 방향 거리 2
1045,g2,23,g2d2,서(W) 방향 거리 3
1046,g2,24,g2c2,서(W) 방향 거리 4
1047,g2,25,g2b2,서(W) 방향 거리 5
1048,g2,26,g2a2,서(W) 방향 거리 6
1049,g2,27,,서(W) 방향 거리 7
1050,g2,28,g2h3,북동(NE) 방향 거리 1
1051,g2,29,,북동(NE) 방향 거리 2
1052,g2,30,,북동(NE) 방향 거리 3
1053,g2,31,,북동(NE) 방향 거리 4
1054,g2,32,,북동(NE) 방향 거리 5
1055,g2,33,,북동(NE) 방향 거리 6
1056,g2,34,,북동(NE) 방향 거리 7
1057,g2,35,g2f3,북서(NW) 방향 거리 1
1058,g2,36,g2e4,북서(NW) 방향 거리 2
1059,g2,37,g2d5,북서(NW) 방향 거리 3
1060,g2,38,g2c6,북서(NW) 방향 거리 4
1061,g2,39,g2b7,북서(NW) 방향 거리 5
1062,g2,40,g2a8,북서(NW) 방향 거리 6
1063,g2,41,,북서(NW) 방향 거리 7
1064,g2,42,g2h1,남동(SE) 방향 거리 1
1065,g2,43,,남동(SE) 방향 거리 2
1066,g2,44,,남동(SE) 방향 거리 3
1067,g2,45,,남동(SE) 방향 거리 4
1068,g2,46,,남동(SE) 방향 거리 5
1069,g2,47,,남동(SE) 방향 거리 6
1070,g2,48,,남동(SE) 방향 거리 7
1071,g2,49,g2f1,남서(SW) 방향 거리 1
1072,g2,50,,남서(SW) 방향 거리 2
1073,g2,51,,남서(SW) 방향 거리 3
1074,g2,52,,남서(SW) 방향 거리 4
1075,g2,53,,남서(SW) 방향 거리 5
1076,g2,54,,남서(SW) 방향 거리 6
1077,g2,55,,남서(SW) 방향 거리 7
1078,g2,56,g2h4,"나이트 이동 (+1,+2)"
1079,g2,57,,"나이트 이동 (+2,+1)"
1080,g2,58,,"나이트 이동 (+2,−1)"
1081,g2,59,,"나이트 이동 (+1,−2)"
1082,g2,60,,"나이트 이동 (−1,−2)"
1083,g2,61,g2e1,"나이트 이동 (−2,−1)"
1084,g2,62,g2e3,"나이트 이동 (−2,+1)"
1085,g2,63,g2f4,"나이트 이동 (−1,+2)"
1086,g2,64,,폰 직진 승격 → 나이트
1087,g2,65,,폰 직진 승격 → 비숍
1088,g2,66,,폰 직진 승격 → 룩
1089,g2,67,,폰 대각선 우 승격 → 나이트
1090,g2,68,,폰 대각선 우 승격 → 비숍
1091,g2,69,,폰 대각선 우 승격 → 룩
1092,g2,70,,폰 대각선 좌 승격 → 나이트
1093,g2,71,,폰 대각선 좌 승격 → 비숍
1094,g2,72,,폰 대각선 좌 승격 → 룩
1095,h2,0,h2h3,북(N) 방향 거리 1
1096,h2,1,h2h4,북(N) 방향 거리 2
1097,h2,2,h2h5,북(N) 방향 거리 3
1098,h2,3,h2h6,북(N) 방향 거리 4
1099,h2,4,h2h7,북(N) 방향 거리 5
1100,h2,5,h2h8,북(N) 방향 거리 6
1101,h2,6,,북(N) 방향 거리 7
1102,h2,7,,동(E) 방향 거리 1
1103,h2,8,,동(E) 방향 거리 2
1104,h2,9,,동(E) 방향 거리 3
1105,h2,10,,동(E) 방향 거리 4
1106,h2,11,,동(E) 방향 거리 5
1107,h2,12,,동(E) 방향 거리 6
1108,h2,13,,동(E) 방향 거리 7
1109,h2,14,h2h1,남(S) 방향 거리 1
1110,h2,15,,남(S) 방향 거리 2
1111,h2,16,,남(S) 방향 거리 3
1112,h2,17,,남(S) 방향 거리 4
1113,h2,18,,남(S) 방향 거리 5
1114,h2,19,,남(S) 방향 거리 6
1115,h2,20,,남(S) 방향 거리 7
1116,h2,21,h2g2,서(W) 방향 거리 1
1117,h2,22,h2f2,서(W) 방향 거리 2
1118,h2,23,h2e2,서(W) 방향 거리 3
1119,h2,24,h2d2,서(W) 방향 거리 4
1120,h2,25,h2c2,서(W) 방향 거리 5
1121,h2,26,h2b2,서(W) 방향 거리 6
1122,h2,27,h2a2,서(W) 방향 거리 7
1123,h2,28,,북동(NE) 방향 거리 1
1124,h2,29,,북동(NE) 방향 거리 2
1125,h2,30,,북동(NE) 방향 거리 3
1126,h2,31,,북동(NE) 방향 거리 4
1127,h2,32,,북동(NE) 방향 거리 5
1128,h2,33,,북동(NE) 방향 거리 6
1129,h2,34,,북동(NE) 방향 거리 7
1130,h2,35,h2g3,북서(NW) 방향 거리 1
1131,h2,36,h2f4,북서(NW) 방향 거리 2
1132,h2,37,h2e5,북서(NW) 방향 거리 3
1133,h2,38,h2d6,북서(NW) 방향 거리 4
1134,h2,39,h2c7,북서(NW) 방향 거리 5
1135,h2,40,h2b8,북서(NW) 방향 거리 6
1136,h2,41,,북서(NW) 방향 거리 7
1137,h2,42,,남동(SE) 방향 거리 1
1138,h2,43,,남동(SE) 방향 거리 2
1139,h2,44,,남동(SE) 방향 거리 3
1140,h2,45,,남동(SE) 방향 거리 4
1141,h2,46,,남동(SE) 방향 거리 5
1142,h2,47,,남동(SE) 방향 거리 6
1143,h2,48,,남동(SE) 방향 거리 7
1144,h2,49,h2g1,남서(SW) 방향 거리 1
1145,h2,50,,남서(SW) 방향 거리 2
1146,h2,51,,남서(SW) 방향 거리 3
1147,h2,52,,남서(SW) 방향 거리 4
1148,h2,53,,남서(SW) 방향 거리 5
1149,h2,54,,남서(SW) 방향 거리 6
1150,h2,55,,남서(SW) 방향 거리 7
1151,h2,56,,"나이트 이동 (+1,+2)"
1152,h2,57,,"나이트 이동 (+2,+1)"
1153,h2,58,,"나이트 이동 (+2,−1)"
1154,h2,59,,"나이트 이동 (+1,−2)"
1155,h2,60,,"나이트 이동 (−1,−2)"
1156,h2,61,h2f1,"나이트 이동 (−2,−1)"
1157,h2,62,h2f3,"나이트 이동 (−2,+1)"
1158,h2,63,h2g4,"나이트 이동 (−1,+2)"
1159,h2,64,,폰 직진 승격 → 나이트
1160,h2,65,,폰 직진 승격 → 비숍
1161,h2,66,,폰 직진 승격 → 룩
1162,h2,67,,폰 대각선 우 승격 → 나이트
1163,h2,68,,폰 대각선 우 승격 → 비숍
1164,h2,69,,폰 대각선 우 승격 → 룩
1165,h2,70,,폰 대각선 좌 승격 → 나이트
1166,h2,71,,폰 대각선 좌 승격 → 비숍
1167,h2,72,,폰 대각선 좌 승격 → 룩
1168,a3,0,a3a4,북(N) 방향 거리 1
1169,a3,1,a3a5,북(N) 방향 거리 2
1170,a3,2,a3a6,북(N) 방향 거리 3
1171,a3,3,a3a7,북(N) 방향 거리 4
1172,a3,4,a3a8,북(N) 방향 거리 5
1173,a3,5,,북(N) 방향 거리 6
1174,a3,6,,북(N) 방향 거리 7
1175,a3,7,a3b3,동(E) 방향 거리 1
1176,a3,8,a3c3,동(E) 방향 거리 2
1177,a3,9,a3d3,동(E) 방향 거리 3
1178,a3,10,a3e3,동(E) 방향 거리 4
1179,a3,11,a3f3,동(E) 방향 거리 5
1180,a3,12,a3g3,동(E) 방향 거리 6
1181,a3,13,a3h3,동(E) 방향 거리 7
1182,a3,14,a3a2,남(S) 방향 거리 1
1183,a3,15,a3a1,남(S) 방향 거리 2
1184,a3,16,,남(S) 방향 거리 3
1185,a3,17,,남(S) 방향 거리 4
1186,a3,18,,남(S) 방향 거리 5
1187,a3,19,,남(S) 방향 거리 6
1188,a3,20,,남(S) 방향 거리 7
1189,a3,21,,서(W) 방향 거리 1
1190,a3,22,,서(W) 방향 거리 2
1191,a3,23,,서(W) 방향 거리 3
1192,a3,24,,서(W) 방향 거리 4
1193,a3,25,,서(W) 방향 거리 5
1194,a3,26,,서(W) 방향 거리 6
1195,a3,27,,서(W) 방향 거리 7
1196,a3,28,a3b4,북동(NE) 방향 거리 1
1197,a3,29,a3c5,북동(NE) 방향 거리 2
1198,a3,30,a3d6,북동(NE) 방향 거리 3
1199,a3,31,a3e7,북동(NE) 방향 거리 4
1200,a3,32,a3f8,북동(NE) 방향 거리 5
1201,a3,33,,북동(NE) 방향 거리 6
1202,a3,34,,북동(NE) 방향 거리 7
1203,a3,35,,북서(NW) 방향 거리 1
1204,a3,36,,북서(NW) 방향 거리 2
1205,a3,37,,북서(NW) 방향 거리 3
1206,a3,38,,북서(NW) 방향 거리 4
1207,a3,39,,북서(NW) 방향 거리 5
1208,a3,40,,북서(NW) 방향 거리 6
1209,a3,41,,북서(NW) 방향 거리 7
1210,a3,42,a3b2,남동(SE) 방향 거리 1
1211,a3,43,a3c1,남동(SE) 방향 거리 2
1212,a3,44,,남동(SE) 방향 거리 3
1213,a3,45,,남동(SE) 방향 거리 4
1214,a3,46,,남동(SE) 방향 거리 5
1215,a3,47,,남동(SE) 방향 거리 6
1216,a3,48,,남동(SE) 방향 거리 7
1217,a3,49,,남서(SW) 방향 거리 1
1218,a3,50,,남서(SW) 방향 거리 2
1219,a3,51,,남서(SW) 방향 거리 3
1220,a3,52,,남서(SW) 방향 거리 4
1221,a3,53,,남서(SW) 방향 거리 5
1222,a3,54,,남서(SW) 방향 거리 6
1223,a3,55,,남서(SW) 방향 거리 7
1224,a3,56,a3b5,"나이트 이동 (+1,+2)"
1225,a3,57,a3c4,"나이트 이동 (+2,+1)"
1226,a3,58,a3c2,"나이트 이동 (+2,−1)"
1227,a3,59,a3b1,"나이트 이동 (+1,−2)"
1228,a3,60,,"나이트 이동 (−1,−2)"
1229,a3,61,,"나이트 이동 (−2,−1)"
1230,a3,62,,"나이트 이동 (−2,+1)"
1231,a3,63,,"나이트 이동 (−1,+2)"
1232,a3,64,,폰 직진 승격 → 나이트
1233,a3,65,,폰 직진 승격 → 비숍
1234,a3,66,,폰 직진 승격 → 룩
1235,a3,67,,폰 대각선 우 승격 → 나이트
1236,a3,68,,폰 대각선 우 승격 → 비숍
1237,a3,69,,폰 대각선 우 승격 → 룩
1238,a3,70,,폰 대각선 좌 승격 → 나이트
1239,a3,71,,폰 대각선 좌 승격 → 비숍
1240,a3,72,,폰 대각선 좌 승격 → 룩
1241,b3,0,b3b4,북(N) 방향 거리 1
1242,b3,1,b3b5,북(N) 방향 거리 2
1243,b3,2,b3b6,북(N) 방향 거리 3
1244,b3,3,b3b7,북(N) 방향 거리 4
1245,b3,4,b3b8,북(N) 방향 거리 5
1246,b3,5,,북(N) 방향 거리 6
1247,b3,6,,북(N) 방향 거리 7
1248,b3,7,b3c3,동(E) 방향 거리 1
1249,b3,8,b3d3,동(E) 방향 거리 2
1250,b3,9,b3e3,동(E) 방향 거리 3
1251,b3,10,b3f3,동(E) 방향 거리 4
1252,b3,11,b3g3,동(E) 방향 거리 5
1253,b3,12,b3h3,동(E) 방향 거리 6
1254,b3,13,,동(E) 방향 거리 7
1255,b3,14,b3b2,남(S) 방향 거리 1
1256,b3,15,b3b1,남(S) 방향 거리 2
1257,b3,16,,남(S) 방향 거리 3
1258,b3,17,,남(S) 방향 거리 4
1259,b3,18,,남(S) 방향 거리 5
1260,b3,19,,남(S) 방향 거리 6
1261,b3,20,,남(S) 방향 거리 7
1262,b3,21,b3a3,서(W) 방향 거리 1
1263,b3,22,,서(W) 방향 거리 2
1264,b3,23,,서(W) 방향 거리 3
1265,b3,24,,서(W) 방향 거리 4
1266,b3,25,,서(W) 방향 거리 5
1267,b3,26,,서(W) 방향 거리 6
1268,b3,27,,서(W) 방향 거리 7
1269,b3,28,b3c4,북동(NE) 방향 거리 1
1270,b3,29,b3d5,북동(NE) 방향 거리 2
1271,b3,30,b3e6,북동(NE) 방향 거리 3
1272,b3,31,b3f7,북동(NE) 방향 거리 4
1273,b3,32,b3g8,북동(NE) 방향 거리 5
1274,b3,33,,북동(NE) 방향 거리 6
1275,b3,34,,북동(NE) 방향 거리 7
1276,b3,35,b3a4,북서(NW) 방향 거리 1
1277,b3,36,,북서(NW) 방향 거리 2
1278,b3,37,,북서(NW) 방향 거리 3
1279,b3,38,,북서(NW) 방향 거리 4
1280,b3,39,,북서(NW) 방향 거리 5
1281,b3,40,,북서(NW) 방향 거리 6
1282,b3,41,,북서(NW) 방향 거리 7
1283,b3,42,b3c2,남동(SE) 방향 거리 1
1284,b3,43,b3d1,남동(SE) 방향 거리 2
1285,b3,44,,남동(SE) 방향 거리 3
1286,b3,45,,남동(SE) 방향 거리 4
1287,b3,46,,남동(SE) 방향 거리 5
1288,b3,47,,남동(SE) 방향 거리 6
1289,b3,48,,남동(SE) 방향 거리 7
1290,b3,49,b3a2,남서(SW) 방향 거리 1
1291,b3,50,,남서(SW) 방향 거리 2
1292,b3,51,,남서(SW) 방향 거리 3
1293,b3,52,,남서(SW) 방향 거리 4
1294,b3,53,,남서(SW) 방향 거리 5
1295,b3,54,,남서(SW) 방향 거리 6
1296,b3,55,,남서(SW) 방향 거리 7
1297,b3,56,b3c5,"나이트 이동 (+1,+2)"
1298,b3,57,b3d4,"나이트 이동 (+2,+1)"
1299,b3,58,b3d2,"나이트 이동 (+2,−1)"
1300,b3,59,b3c1,"나이트 이동 (+1,−2)"
1301,b3,60,b3a1,"나이트 이동 (−1,−2)"
1302,b3,61,,"나이트 이동 (−2,−1)"
1303,b3,62,,"나이트 이동 (−2,+1)"
1304,b3,63,b3a5,"나이트 이동 (−1,+2)"
1305,b3,64,,폰 직진 승격 → 나이트
1306,b3,65,,폰 직진 승격 → 비숍
1307,b3,66,,폰 직진 승격 → 룩
1308,b3,67,,폰 대각선 우 승격 → 나이트
1309,b3,68,,폰 대각선 우 승격 → 비숍
1310,b3,69,,폰 대각선 우 승격 → 룩
1311,b3,70,,폰 대각선 좌 승격 → 나이트
1312,b3,71,,폰 대각선 좌 승격 → 비숍
1313,b3,72,,폰 대각선 좌 승격 → 룩
1314,c3,0,c3c4,북(N) 방향 거리 1
1315,c3,1,c3c5,북(N) 방향 거리 2
1316,c3,2,c3c6,북(N) 방향 거리 3
1317,c3,3,c3c7,북(N) 방향 거리 4
1318,c3,4,c3c8,북(N) 방향 거리 5
1319,c3,5,,북(N) 방향 거리 6
1320,c3,6,,북(N) 방향 거리 7
1321,c3,7,c3d3,동(E) 방향 거리 1
1322,c3,8,c3e3,동(E) 방향 거리 2
1323,c3,9,c3f3,동(E) 방향 거리 3
1324,c3,10,c3g3,동(E) 방향 거리 4
1325,c3,11,c3h3,동(E) 방향 거리 5
1326,c3,12,,동(E) 방향 거리 6
1327,c3,13,,동(E) 방향 거리 7
1328,c3,14,c3c2,남(S) 방향 거리 1
1329,c3,15,c3c1,남(S) 방향 거리 2
1330,c3,16,,남(S) 방향 거리 3
1331,c3,17,,남(S) 방향 거리 4
1332,c3,18,,남(S) 방향 거리 5
1333,c3,19,,남(S) 방향 거리 6
1334,c3,20,,남(S) 방향 거리 7
1335,c3,21,c3b3,서(W) 방향 거리 1
1336,c3,22,c3a3,서(W) 방향 거리 2
1337,c3,23,,서(W) 방향 거리 3
1338,c3,24,,서(W) 방향 거리 4
1339,c3,25,,서(W) 방향 거리 5
1340,c3,26,,서(W) 방향 거리 6
1341,c3,27,,서(W) 방향 거리 7
1342,c3,28,c3d4,북동(NE) 방향 거리 1
1343,c3,29,c3e5,북동(NE) 방향 거리 2
1344,c3,30,c3f6,북동(NE) 방향 거리 3
1345,c3,31,c3g7,북동(NE) 방향 거리 4
1346,c3,32,c3h8,북동(NE) 방향 거리 5
1347,c3,33,,북동(NE) 방향 거리 6
1348,c3,34,,북동(NE) 방향 거리 7
1349,c3,35,c3b4,북서(NW) 방향 거리 1
1350,c3,36,c3a5,북서(NW) 방향 거리 2
1351,c3,37,,북서(NW) 방향 거리 3
1352,c3,38,,북서(NW) 방향 거리 4
1353,c3,39,,북서(NW) 방향 거리 5
1354,c3,40,,북서(NW) 방향 거리 6
1355,c3,41,,북서(NW) 방향 거리 7
1356,c3,42,c3d2,남동(SE) 방향 거리 1
1357,c3,43,c3e1,남동(SE) 방향 거리 2
1358,c3,44,,남동(SE) 방향 거리 3
1359,c3,45,,남동(SE) 방향 거리 4
1360,c3,46,,남동(SE) 방향 거리 5
1361,c3,47,,남동(SE) 방향 거리 6
1362,c3,48,,남동(SE) 방향 거리 7
1363,c3,49,c3b2,남서(SW) 방향 거리 1
1364,c3,50,c3a1,남서(SW) 방향 거리 2
1365,c3,51,,남서(SW) 방향 거리 3
1366,c3,52,,남서(SW) 방향 거리 4
1367,c3,53,,남서(SW) 방향 거리 5
1368,c3,54,,남서(SW) 방향 거리 6
1369,c3,55,,남서(SW) 방향 거리 7
1370,c3,56,c3d5,"나이트 이동 (+1,+2)"
1371,c3,57,c3e4,"나이트 이동 (+2,+1)"
1372,c3,58,c3e2,"나이트 이동 (+2,−1)"
1373,c3,59,c3d1,"나이트 이동 (+1,−2)"
1374,c3,60,c3b1,"나이트 이동 (−1,−2)"
1375,c3,61,c3a2,"나이트 이동 (−2,−1)"
1376,c3,62,c3a4,"나이트 이동 (−2,+1)"
1377,c3,63,c3b5,"나이트 이동 (−1,+2)"
1378,c3,64,,폰 직진 승격 → 나이트
1379,c3,65,,폰 직진 승격 → 비숍
1380,c3,66,,폰 직진 승격 → 룩
1381,c3,67,,폰 대각선 우 승격 → 나이트
1382,c3,68,,폰 대각선 우 승격 → 비숍
1383,c3,69,,폰 대각선 우 승격 → 룩
1384,c3,70,,폰 대각선 좌 승격 → 나이트
1385,c3,71,,폰 대각선 좌 승격 → 비숍
1386,c3,72,,폰 대각선 좌 승격 → 룩
1387,d3,0,d3d4,북(N) 방향 거리 1
1388,d3,1,d3d5,북(N) 방향 거리 2
1389,d3,2,d3d6,북(N) 방향 거리 3
1390,d3,3,d3d7,북(N) 방향 거리 4
1391,d3,4,d3d8,북(N) 방향 거리 5
1392,d3,5,,북(N) 방향 거리 6
1393,d3,6,,북(N) 방향 거리 7
1394,d3,7,d3e3,동(E) 방향 거리 1
1395,d3,8,d3f3,동(E) 방향 거리 2
1396,d3,9,d3g3,동(E) 방향 거리 3
1397,d3,10,d3h3,동(E) 방향 거리 4
1398,d3,11,,동(E) 방향 거리 5
1399,d3,12,,동(E) 방향 거리 6
1400,d3,13,,동(E) 방향 거리 7
1401,d3,14,d3d2,남(S) 방향 거리 1
1402,d3,15,d3d1,남(S) 방향 거리 2
1403,d3,16,,남(S) 방향 거리 3
1404,d3,17,,남(S) 방향 거리 4
1405,d3,18,,남(S) 방향 거리 5
1406,d3,19,,남(S) 방향 거리 6
1407,d3,20,,남(S) 방향 거리 7
1408,d3,21,d3c3,서(W) 방향 거리 1
1409,d3,22,d3b3,서(W) 방향 거리 2
1410,d3,23,d3a3,서(W) 방향 거리 3
1411,d3,24,,서(W) 방향 거리 4
1412,d3,25,,서(W) 방향 거리 5
1413,d3,26,,서(W) 방향 거리 6
1414,d3,27,,서(W) 방향 거리 7
1415,d3,28,d3e4,북동(NE) 방향 거리 1
1416,d3,29,d3f5,북동(NE) 방향 거리 2
1417,d3,30,d3g6,북동(NE) 방향 거리 3
1418,d3,31,d3h7,북동(NE) 방향 거리 4
1419,d3,32,,북동(NE) 방향 거리 5
1420,d3,33,,북동(NE) 방향 거리 6
1421,d3,34,,북동(NE) 방향 거리 7
1422,d3,35,d3c4,북서(NW) 방향 거리 1
1423,d3,36,d3b5,북서(NW) 방향 거리 2
1424,d3,37,d3a6,북서(NW) 방향 거리 3
1425,d3,38,,북서(NW) 방향 거리 4
1426,d3,39,,북서(NW) 방향 거리 5
1427,d3,40,,북서(NW) 방향 거리 6
1428,d3,41,,북서(NW) 방향 거리 7
1429,d3,42,d3e2,남동(SE) 방향 거리 1
1430,d3,43,d3f1,남동(SE) 방향 거리 2
1431,d3,44,,남동(SE) 방향 거리 3
1432,d3,45,,남동(SE) 방향 거리 4
1433,d3,46,,남동(SE) 방향 거리 5
1434,d3,47,,남동(SE) 방향 거리 6
1435,d3,48,,남동(SE) 방향 거리 7
1436,d3,49,d3c2,남서(SW) 방향 거리 1
1437,d3,50,d3b1,남서(SW) 방향 거리 2
1438,d3,51,,남서(SW) 방향 거리 3
1439,d3,52,,남서(SW) 방향 거리 4
1440,d3,53,,남서(SW) 방향 거리 5
1441,d3,54,,남서(SW) 방향 거리 6
1442,d3,55,,남서(SW) 방향 거리 7
1443,d3,56,d3e5,"나이트 이동 (+1,+2)"
1444,d3,57,d3f4,"나이트 이동 (+2,+1)"
1445,d3,58,d3f2,"나이트 이동 (+2,−1)"
1446,d3,59,d3e1,"나이트 이동 (+1,−2)"
1447,d3,60,d3c1,"나이트 이동 (−1,−2)"
1448,d3,61,d3b2,"나이트 이동 (−2,−1)"
1449,d3,62,d3b4,"나이트 이동 (−2,+1)"
1450,d3,63,d3c5,"나이트 이동 (−1,+2)"
1451,d3,64,,폰 직진 승격 → 나이트
1452,d3,65,,폰 직진 승격 → 비숍
1453,d3,66,,폰 직진 승격 → 룩
1454,d3,67,,폰 대각선 우 승격 → 나이트
1455,d3,68,,폰 대각선 우 승격 → 비숍
1456,d3,69,,폰 대각선 우 승격 → 룩
1457,d3,70,,폰 대각선 좌 승격 → 나이트
1458,d3,71,,폰 대각선 좌 승격 → 비숍
1459,d3,72,,폰 대각선 좌 승격 → 룩
1460,e3,0,e3e4,북(N) 방향 거리 1
1461,e3,1,e3e5,북(N) 방향 거리 2
1462,e3,2,e3e6,북(N) 방향 거리 3
1463,e3,3,e3e7,북(N) 방향 거리 4
1464,e3,4,e3e8,북(N) 방향 거리 5
1465,e3,5,,북(N) 방향 거리 6
1466,e3,6,,북(N) 방향 거리 7
1467,e3,7,e3f3,동(E) 방향 거리 1
1468,e3,8,e3g3,동(E) 방향 거리 2
1469,e3,9,e3h3,동(E) 방향 거리 3
1470,e3,10,,동(E) 방향 거리 4
1471,e3,11,,동(E) 방향 거리 5
1472,e3,12,,동(E) 방향 거리 6
1473,e3,13,,동(E) 방향 거리 7
1474,e3,14,e3e2,남(S) 방향 거리 1
1475,e3,15,e3e1,남(S) 방향 거리 2
1476,e3,16,,남(S) 방향 거리 3
1477,e3,17,,남(S) 방향 거리 4
1478,e3,18,,남(S) 방향 거리 5
1479,e3,19,,남(S) 방향 거리 6
1480,e3,20,,남(S) 방향 거리 7
1481,e3,21,e3d3,서(W) 방향 거리 1
1482,e3,22,e3c3,서(W) 방향 거리 2
1483,e3,23,e3b3,서(W) 방향 거리 3
1484,e3,24,e3a3,서(W) 방향 거리 4
1485,e3,25,,서(W) 방향 거리 5
1486,e3,26,,서(W) 방향 거리 6
1487,e3,27,,서(W) 방향 거리 7
1488,e3,28,e3f4,북동(NE) 방향 거리 1
1489,e3,29,e3g5,북동(NE) 방향 거리 2
1490,e3,30,e3h6,북동(NE) 방향 거리 3
1491,e3,31,,북동(NE) 방향 거리 4
1492,e3,32,,북동(NE) 방향 거리 5
1493,e3,33,,북동(NE) 방향 거리 6
1494,e3,34,,북동(NE) 방향 거리 7
1495,e3,35,e3d4,북서(NW) 방향 거리 1
1496,e3,36,e3c5,북서(NW) 방향 거리 2
1497,e3,37,e3b6,북서(NW) 방향 거리 3
1498,e3,38,e3a7,북서(NW) 방향 거리 4
1499,e3,39,,북서(NW) 방향 거리 5
1500,e3,40,,북서(NW) 방향 거리 6
1501,e3,41,,북서(NW) 방향 거리 7
1502,e3,42,e3f2,남동(SE) 방향 거리 1
1503,e3,43,e3g1,남동(SE) 방향 거리 2
1504,e3,44,,남동(SE) 방향 거리 3
1505,e3,45,,남동(SE) 방향 거리 4
1506,e3,46,,남동(SE) 방향 거리 5
1507,e3,47,,남동(SE) 방향 거리 6
1508,e3,48,,남동(SE) 방향 거리 7
1509,e3,49,e3d2,남서(SW) 방향 거리 1
1510,e3,50,e3c1,남서(SW) 방향 거리 2
1511,e3,51,,남서(SW) 방향 거리 3
1512,e3,52,,남서(SW) 방향 거리 4
1513,e3,53,,남서(SW) 방향 거리 5
1514,e3,54,,남서(SW) 방향 거리 6
1515,e3,55,,남서(SW) 방향 거리 7
1516,e3,56,e3f5,"나이트 이동 (+1,+2)"
1517,e3,57,e3g4,"나이트 이동 (+2,+1)"
1518,e3,58,e3g2,"나이트 이동 (+2,−1)"
1519,e3,59,e3f1,"나이트 이동 (+1,−2)"
1520,e3,60,e3d1,"나이트 이동 (−1,−2)"
1521,e3,61,e3c2,"나이트 이동 (−2,−1)"
1522,e3,62,e3c4,"나이트 이동 (−2,+1)"
1523,e3,63,e3d5,"나이트 이동 (−1,+2)"
1524,e3,64,,폰 직진 승격 → 나이트
1525,e3,65,,폰 직진 승격 → 비숍
1526,e3,66,,폰 직진 승격 → 룩
1527,e3,67,,폰 대각선 우 승격 → 나이트
1528,e3,68,,폰 대각선 우 승격 → 비숍
1529,e3,69,,폰 대각선 우 승격 → 룩
1530,e3,70,,폰 대각선 좌 승격 → 나이트
1531,e3,71,,폰 대각선 좌 승격 → 비숍
1532,e3,72,,폰 대각선 좌 승격 → 룩
1533,f3,0,f3f4,북(N) 방향 거리 1
1534,f3,1,f3f5,북(N) 방향 거리 2
1535,f3,2,f3f6,북(N) 방향 거리 3
1536,f3,3,f3f7,북(N) 방향 거리 4
1537,f3,4,f3f8,북(N) 방향 거리 5
1538,f3,5,,북(N) 방향 거리 6
1539,f3,6,,북(N) 방향 거리 7
1540,f3,7,f3g3,동(E) 방향 거리 1
1541,f3,8,f3h3,동(E) 방향 거리 2
1542,f3,9,,동(E) 방향 거리 3
1543,f3,10,,동(E) 방향 거리 4
1544,f3,11,,동(E) 방향 거리 5
1545,f3,12,,동(E) 방향 거리 6
1546,f3,13,,동(E) 방향 거리 7
1547,f3,14,f3f2,남(S) 방향 거리 1
1548,f3,15,f3f1,남(S) 방향 거리 2
1549,f3,16,,남(S) 방향 거리 3
1550,f3,17,,남(S) 방향 거리 4
1551,f3,18,,남(S) 방향 거리 5
1552,f3,19,,남(S) 방향 거리 6
1553,f3,20,,남(S) 방향 거리 7
1554,f3,21,f3e3,서(W) 방향 거리 1
1555,f3,22,f3d3,서(W) 방향 거리 2
1556,f3,23,f3c3,서(W) 방향 거리 3
1557,f3,24,f3b3,서(W) 방향 거리 4
1558,f3,25,f3a3,서(W) 방향 거리 5
1559,f3,26,,서(W) 방향 거리 6
1560,f3,27,,서(W) 방향 거리 7
1561,f3,28,f3g4,북동(NE) 방향 거리 1
1562,f3,29,f3h5,북동(NE) 방향 거리 2
1563,f3,30,,북동(NE) 방향 거리 3
1564,f3,31,,북동(NE) 방향 거리 4
1565,f3,32,,북동(NE) 방향 거리 5
1566,f3,33,,북동(NE) 방향 거리 6
1567,f3,34,,북동(NE) 방향 거리 7
1568,f3,35,f3e4,북서(NW) 방향 거리 1
1569,f3,36,f3d5,북서(NW) 방향 거리 2
1570,f3,37,f3c6,북서(NW) 방향 거리 3
1571,f3,38,f3b7,북서(NW) 방향 거리 4
1572,f3,39,f3a8,북서(NW) 방향 거리 5
1573,f3,40,,북서(NW) 방향 거리 6
1574,f3,41,,북서(NW) 방향 거리 7
1575,f3,42,f3g2,남동(SE) 방향 거리 1
1576,f3,43,f3h1,남동(SE) 방향 거리 2
1577,f3,44,,남동(SE) 방향 거리 3
1578,f3,45,,남동(SE) 방향 거리 4
1579,f3,46,,남동(SE) 방향 거리 5
1580,f3,47,,남동(SE) 방향 거리 6
1581,f3,48,,남동(SE) 방향 거리 7
1582,f3,49,f3e2,남서(SW) 방향 거리 1
1583,f3,50,f3d1,남서(SW) 방향 거리 2
1584,f3,51,,남서(SW) 방향 거리 3
1585,f3,52,,남서(SW) 방향 거리 4
1586,f3,53,,남서(SW) 방향 거리 5
1587,f3,54,,남서(SW) 방향 거리 6
1588,f3,55,,남서(SW) 방향 거리 7
1589,f3,56,f3g5,"나이트 이동 (+1,+2)"
1590,f3,57,f3h4,"나이트 이동 (+2,+1)"
1591,f3,58,f3h2,"나이트 이동 (+2,−1)"
1592,f3,59,f3g1,"나이트 이동 (+1,−2)"
1593,f3,60,f3e1,"나이트 이동 (−1,−2)"
1594,f3,61,f3d2,"나이트 이동 (−2,−1)"
1595,f3,62,f3d4,"나이트 이동 (−2,+1)"
1596,f3,63,f3e5,"나이트 이동 (−1,+2)"
1597,f3,64,,폰 직진 승격 → 나이트
1598,f3,65,,폰 직진 승격 → 비숍
1599,f3,66,,폰 직진 승격 → 룩
1600,f3,67,,폰 대각선 우 승격 → 나이트
1601,f3,68,,폰 대각선 우 승격 → 비숍
1602,f3,69,,폰 대각선 우 승격 → 룩
1603,f3,70,,폰 대각선 좌 승격 → 나이트
1604,f3,71,,폰 대각선 좌 승격 → 비숍
1605,f3,72,,폰 대각선 좌 승격 → 룩
1606,g3,0,g3g4,북(N) 방향 거리 1
1607,g3,1,g3g5,북(N) 방향 거리 2
1608,g3,2,g3g6,북(N) 방향 거리 3
1609,g3,3,g3g7,북(N) 방향 거리 4
1610,g3,4,g3g8,북(N) 방향 거리 5
1611,g3,5,,북(N) 방향 거리 6
1612,g3,6,,북(N) 방향 거리 7
1613,g3,7,g3h3,동(E) 방향 거리 1
1614,g3,8,,동(E) 방향 거리 2
1615,g3,9,,동(E) 방향 거리 3
1616,g3,10,,동(E) 방향 거리 4
1617,g3,11,,동(E) 방향 거리 5
1618,g3,12,,동(E) 방향 거리 6
1619,g3,13,,동(E) 방향 거리 7
1620,g3,14,g3g2,남(S) 방향 거리 1
1621,g3,15,g3g1,남(S) 방향 거리 2
1622,g3,16,,남(S) 방향 거리 3
1623,g3,17,,남(S) 방향 거리 4
1624,g3,18,,남(S) 방향 거리 5
1625,g3,19,,남(S) 방향 거리 6
1626,g3,20,,남(S) 방향 거리 7
1627,g3,21,g3f3,서(W) 방향 거리 1
1628,g3,22,g3e3,서(W) 방향 거리 2
1629,g3,23,g3d3,서(W) 방향 거리 3
1630,g3,24,g3c3,서(W) 방향 거리 4
1631,g3,25,g3b3,서(W) 방향 거리 5
1632,g3,26,g3a3,서(W) 방향 거리 6
1633,g3,27,,서(W) 방향 거리 7
1634,g3,28,g3h4,북동(NE) 방향 거리 1
1635,g3,29,,북동(NE) 방향 거리 2
1636,g3,30,,북동(NE) 방향 거리 3
1637,g3,31,,북동(NE) 방향 거리 4
1638,g3,32,,북동(NE) 방향 거리 5
1639,g3,33,,북동(NE) 방향 거리 6
1640,g3,34,,북동(NE) 방향 거리 7
1641,g3,35,g3f4,북서(NW) 방향 거리 1
1642,g3,36,g3e5,북서(NW) 방향 거리 2
1643,g3,37,g3d6,북서(NW) 방향 거리 3
1644,g3,38,g3c7,북서(NW) 방향 거리 4
1645,g3,39,g3b8,북서(NW) 방향 거리 5
1646,g3,40,,북서(NW) 방향 거리 6
1647,g3,41,,북서(NW) 방향 거리 7
1648,g3,42,g3h2,남동(SE) 방향 거리 1
1649,g3,43,,남동(SE) 방향 거리 2
1650,g3,44,,남동(SE) 방향 거리 3
1651,g3,45,,남동(SE) 방향 거리 4
1652,g3,46,,남동(SE) 방향 거리 5
1653,g3,47,,남동(SE) 방향 거리 6
1654,g3,48,,남동(SE) 방향 거리 7
1655,g3,49,g3f2,남서(SW) 방향 거리 1
1656,g3,50,g3e1,남서(SW) 방향 거리 2
1657,g3,51,,남서(SW) 방향 거리 3
1658,g3,52,,남서(SW) 방향 거리 4
1659,g3,53,,남서(SW) 방향 거리 5
1660,g3,54,,남서(SW) 방향 거리 6
1661,g3,55,,남서(SW) 방향 거리 7
1662,g3,56,g3h5,"나이트 이동 (+1,+2)"
1663,g3,57,,"나이트 이동 (+2,+1)"
1664,g3,58,,"나이트 이동 (+2,−1)"
1665,g3,59,g3h1,"나이트 이동 (+1,−2)"
1666,g3,60,g3f1,"나이트 이동 (−1,−2)"
1667,g3,61,g3e2,"나이트 이동 (−2,−1)"
1668,g3,62,g3e4,"나이트 이동 (−2,+1)"
1669,g3,63,g3f5,"나이트 이동 (−1,+2)"
1670,g3,64,,폰 직진 승격 → 나이트
1671,g3,65,,폰 직진 승격 → 비숍
1672,g3,66,,폰 직진 승격 → 룩
1673,g3,67,,폰 대각선 우 승격 → 나이트
1674,g3,68,,폰 대각선 우 승격 → 비숍
1675,g3,69,,폰 대각선 우 승격 → 룩
1676,g3,70,,폰 대각선 좌 승격 → 나이트
1677,g3,71,,폰 대각선 좌 승격 → 비숍
1678,g3,72,,폰 대각선 좌 승격 → 룩
1679,h3,0,h3h4,북(N) 방향 거리 1
1680,h3,1,h3h5,북(N) 방향 거리 2
1681,h3,2,h3h6,북(N) 방향 거리 3
1682,h3,3,h3h7,북(N) 방향 거리 4
1683,h3,4,h3h8,북(N) 방향 거리 5
1684,h3,5,,북(N) 방향 거리 6
1685,h3,6,,북(N) 방향 거리 7
1686,h3,7,,동(E) 방향 거리 1
1687,h3,8,,동(E) 방향 거리 2
1688,h3,9,,동(E) 방향 거리 3
1689,h3,10,,동(E) 방향 거리 4
1690,h3,11,,동(E) 방향 거리 5
1691,h3,12,,동(E) 방향 거리 6
1692,h3,13,,동(E) 방향 거리 7
1693,h3,14,h3h2,남(S) 방향 거리 1
1694,h3,15,h3h1,남(S) 방향 거리 2
1695,h3,16,,남(S) 방향 거리 3
1696,h3,17,,남(S) 방향 거리 4
1697,h3,18,,남(S) 방향 거리 5
1698,h3,19,,남(S) 방향 거리 6
1699,h3,20,,남(S) 방향 거리 7
1700,h3,21,h3g3,서(W) 방향 거리 1
1701,h3,22,h3f3,서(W) 방향 거리 2
1702,h3,23,h3e3,서(W) 방향 거리 3
1703,h3,24,h3d3,서(W) 방향 거리 4
1704,h3,25,h3c3,서(W) 방향 거리 5
1705,h3,26,h3b3,서(W) 방향 거리 6
1706,h3,27,h3a3,서(W) 방향 거리 7
1707,h3,28,,북동(NE) 방향 거리 1
1708,h3,29,,북동(NE) 방향 거리 2
1709,h3,30,,북동(NE) 방향 거리 3
1710,h3,31,,북동(NE) 방향 거리 4
1711,h3,32,,북동(NE) 방향 거리 5
1712,h3,33,,북동(NE) 방향 거리 6
1713,h3,34,,북동(NE) 방향 거리 7
1714,h3,35,h3g4,북서(NW) 방향 거리 1
1715,h3,36,h3f5,북서(NW) 방향 거리 2
1716,h3,37,h3e6,북서(NW) 방향 거리 3
1717,h3,38,h3d7,북서(NW) 방향 거리 4
1718,h3,39,h3c8,북서(NW) 방향 거리 5
1719,h3,40,,북서(NW) 방향 거리 6
1720,h3,41,,북서(NW) 방향 거리 7
1721,h3,42,,남동(SE) 방향 거리 1
1722,h3,43,,남동(SE) 방향 거리 2
1723,h3,44,,남동(SE) 방향 거리 3
1724,h3,45,,남동(SE) 방향 거리 4
1725,h3,46,,남동(SE) 방향 거리 5
1726,h3,47,,남동(SE) 방향 거리 6
1727,h3,48,,남동(SE) 방향 거리 7
1728,h3,49,h3g2,남서(SW) 방향 거리 1
1729,h3,50,h3f1,남서(SW) 방향 거리 2
1730,h3,51,,남서(SW) 방향 거리 3
1731,h3,52,,남서(SW) 방향 거리 4
1732,h3,53,,남서(SW) 방향 거리 5
1733,h3,54,,남서(SW) 방향 거리 6
1734,h3,55,,남서(SW) 방향 거리 7
1735,h3,56,,"나이트 이동 (+1,+2)"
1736,h3,57,,"나이트 이동 (+2,+1)"
1737,h3,58,,"나이트 이동 (+2,−1)"
1738,h3,59,,"나이트 이동 (+1,−2)"
1739,h3,60,h3g1,"나이트 이동 (−1,−2)"
1740,h3,61,h3f2,"나이트 이동 (−2,−1)"
1741,h3,62,h3f4,"나이트 이동 (−2,+1)"
1742,h3,63,h3g5,"나이트 이동 (−1,+2)"
1743,h3,64,,폰 직진 승격 → 나이트
1744,h3,65,,폰 직진 승격 → 비숍
1745,h3,66,,폰 직진 승격 → 룩
1746,h3,67,,폰 대각선 우 승격 → 나이트
1747,h3,68,,폰 대각선 우 승격 → 비숍
1748,h3,69,,폰 대각선 우 승격 → 룩
1749,h3,70,,폰 대각선 좌 승격 → 나이트
1750,h3,71,,폰 대각선 좌 승격 → 비숍
1751,h3,72,,폰 대각선 좌 승격 → 룩
1752,a4,0,a4a5,북(N) 방향 거리 1
1753,a4,1,a4a6,북(N) 방향 거리 2
1754,a4,2,a4a7,북(N) 방향 거리 3
1755,a4,3,a4a8,북(N) 방향 거리 4
1756,a4,4,,북(N) 방향 거리 5
1757,a4,5,,북(N) 방향 거리 6
1758,a4,6,,북(N) 방향 거리 7
1759,a4,7,a4b4,동(E) 방향 거리 1
1760,a4,8,a4c4,동(E) 방향 거리 2
1761,a4,9,a4d4,동(E) 방향 거리 3
1762,a4,10,a4e4,동(E) 방향 거리 4
1763,a4,11,a4f4,동(E) 방향 거리 5
1764,a4,12,a4g4,동(E) 방향 거리 6
1765,a4,13,a4h4,동(E) 방향 거리 7
1766,a4,14,a4a3,남(S) 방향 거리 1
1767,a4,15,a4a2,남(S) 방향 거리 2
1768,a4,16,a4a1,남(S) 방향 거리 3
1769,a4,17,,남(S) 방향 거리 4
1770,a4,18,,남(S) 방향 거리 5
1771,a4,19,,남(S) 방향 거리 6
1772,a4,20,,남(S) 방향 거리 7
1773,a4,21,,서(W) 방향 거리 1
1774,a4,22,,서(W) 방향 거리 2
1775,a4,23,,서(W) 방향 거리 3
1776,a4,24,,서(W) 방향 거리 4
1777,a4,25,,서(W) 방향 거리 5
1778,a4,26,,서(W) 방향 거리 6
1779,a4,27,,서(W) 방향 거리 7
1780,a4,28,a4b5,북동(NE) 방향 거리 1
1781,a4,29,a4c6,북동(NE) 방향 거리 2
1782,a4,30,a4d7,북동(NE) 방향 거리 3
1783,a4,31,a4e8,북동(NE) 방향 거리 4
1784,a4,32,,북동(NE) 방향 거리 5
1785,a4,33,,북동(NE) 방향 거리 6
1786,a4,34,,북동(NE) 방향 거리 7
1787,a4,35,,북서(NW) 방향 거리 1
1788,a4,36,,북서(NW) 방향 거리 2
1789,a4,37,,북서(NW) 방향 거리 3
1790,a4,38,,북서(NW) 방향 거리 4
1791,a4,39,,북서(NW) 방향 거리 5
1792,a4,40,,북서(NW) 방향 거리 6
1793,a4,41,,북서(NW) 방향 거리 7
1794,a4,42,a4b3,남동(SE) 방향 거리 1
1795,a4,43,a4c2,남동(SE) 방향 거리 2
1796,a4,44,a4d1,남동(SE) 방향 거리 3
1797,a4,45,,남동(SE) 방향 거리 4
1798,a4,46,,남동(SE) 방향 거리 5
1799,a4,47,,남동(SE) 방향 거리 6
1800,a4,48,,남동(SE) 방향 거리 7
1801,a4,49,,남서(SW) 방향 거리 1
1802,a4,50,,남서(SW) 방향 거리 2
1803,a4,51,,남서(SW) 방향 거리 3
1804,a4,52,,남서(SW) 방향 거리 4
1805,a4,53,,남서(SW) 방향 거리 5
1806,a4,54,,남서(SW) 방향 거리 6
1807,a4,55,,남서(SW) 방향 거리 7
1808,a4,56,a4b6,"나이트 이동 (+1,+2)"
1809,a4,57,a4c5,"나이트 이동 (+2,+1)"
1810,a4,58,a4c3,"나이트 이동 (+2,−1)"
1811,a4,59,a4b2,"나이트 이동 (+1,−2)"
1812,a4,60,,"나이트 이동 (−1,−2)"
1813,a4,61,,"나이트 이동 (−2,−1)"
1814,a4,62,,"나이트 이동 (−2,+1)"
1815,a4,63,,"나이트 이동 (−1,+2)"
1816,a4,64,,폰 직진 승격 → 나이트
1817,a4,65,,폰 직진 승격 → 비숍
1818,a4,66,,폰 직진 승격 → 룩
1819,a4,67,,폰 대각선 우 승격 → 나이트
1820,a4,68,,폰 대각선 우 승격 → 비숍
1821,a4,69,,폰 대각선 우 승격 → 룩
1822,a4,70,,폰 대각선 좌 승격 → 나이트
1823,a4,71,,폰 대각선 좌 승격 → 비숍
1824,a4,72,,폰 대각선 좌 승격 → 룩
1825,b4,0,b4b5,북(N) 방향 거리 1
1826,b4,1,b4b6,북(N) 방향 거리 2
1827,b4,2,b4b7,북(N) 방향 거리 3
1828,b4,3,b4b8,북(N) 방향 거리 4
1829,b4,4,,북(N) 방향 거리 5
1830,b4,5,,북(N) 방향 거리 6
1831,b4,6,,북(N) 방향 거리 7
1832,b4,7,b4c4,동(E) 방향 거리 1
1833,b4,8,b4d4,동(E) 방향 거리 2
1834,b4,9,b4e4,동(E) 방향 거리 3
1835,b4,10,b4f4,동(E) 방향 거리 4
1836,b4,11,b4g4,동(E) 방향 거리 5
1837,b4,12,b4h4,동(E) 방향 거리 6
1838,b4,13,,동(E) 방향 거리 7
1839,b4,14,b4b3,남(S) 방향 거리 1
1840,b4,15,b4b2,남(S) 방향 거리 2
1841,b4,16,b4b1,남(S) 방향 거리 3
1842,b4,17,,남(S) 방향 거리 4
1843,b4,18,,남(S) 방향 거리 5
1844,b4,19,,남(S) 방향 거리 6
1845,b4,20,,남(S) 방향 거리 7
1846,b4,21,b4a4,서(W) 방향 거리 1
1847,b4,22,,서(W) 방향 거리 2
1848,b4,23,,서(W) 방향 거리 3
1849,b4,24,,서(W) 방향 거리 4
1850,b4,25,,서(W) 방향 거리 5
1851,b4,26,,서(W) 방향 거리 6
1852,b4,27,,서(W) 방향 거리 7
1853,b4,28,b4c5,북동(NE) 방향 거리 1
1854,b4,29,b4d6,북동(NE) 방향 거리 2
1855,b4,30,b4e7,북동(NE) 방향 거리 3
1856,b4,31,b4f8,북동(NE) 방향 거리 4
1857,b4,32,,북동(NE) 방향 거리 5
1858,b4,33,,북동(NE) 방향 거리 6
1859,b4,34,,북동(NE) 방향 거리 7
1860,b4,35,b4a5,북서(NW) 방향 거리 1
1861,b4,36,,북서(NW) 방향 거리 2
1862,b4,37,,북서(NW) 방향 거리 3
1863,b4,38,,북서(NW) 방향 거리 4
1864,b4,39,,북서(NW) 방향 거리 5
1865,b4,40,,북서(NW) 방향 거리 6
1866,b4,41,,북서(NW) 방향 거리 7
1867,b4,42,b4c3,남동(SE) 방향 거리 1
1868,b4,43,b4d2,남동(SE) 방향 거리 2
1869,b4,44,b4e1,남동(SE) 방향 거리 3
1870,b4,45,,남동(SE) 방향 거리 4
1871,b4,46,,남동(SE) 방향 거리 5
1872,b4,47,,남동(SE) 방향 거리 6
1873,b4,48,,남동(SE) 방향 거리 7
1874,b4,49,b4a3,남서(SW) 방향 거리 1
1875,b4,50,,남서(SW) 방향 거리 2
1876,b4,51,,남서(SW) 방향 거리 3
1877,b4,52,,남서(SW) 방향 거리 4
1878,b4,53,,남서(SW) 방향 거리 5
1879,b4,54,,남서(SW) 방향 거리 6
1880,b4,55,,남서(SW) 방향 거리 7
1881,b4,56,b4c6,"나이트 이동 (+1,+2)"
1882,b4,57,b4d5,"나이트 이동 (+2,+1)"
1883,b4,58,b4d3,"나이트 이동 (+2,−1)"
1884,b4,59,b4c2,"나이트 이동 (+1,−2)"
1885,b4,60,b4a2,"나이트 이동 (−1,−2)"
1886,b4,61,,"나이트 이동 (−2,−1)"
1887,b4,62,,"나이트 이동 (−2,+1)"
1888,b4,63,b4a6,"나이트 이동 (−1,+2)"
1889,b4,64,,폰 직진 승격 → 나이트
1890,b4,65,,폰 직진 승격 → 비숍
1891,b4,66,,폰 직진 승격 → 룩
1892,b4,67,,폰 대각선 우 승격 → 나이트
1893,b4,68,,폰 대각선 우 승격 → 비숍
1894,b4,69,,폰 대각선 우 승격 → 룩
1895,b4,70,,폰 대각선 좌 승격 → 나이트
1896,b4,71,,폰 대각선 좌 승격 → 비숍
1897,b4,72,,폰 대각선 좌 승격 → 룩
1898,c4,0,c4c5,북(N) 방향 거리 1
1899,c4,1,c4c6,북(N) 방향 거리 2
1900,c4,2,c4c7,북(N) 방향 거리 3
1901,c4,3,c4c8,북(N) 방향 거리 4
1902,c4,4,,북(N) 방향 거리 5
1903,c4,5,,북(N) 방향 거리 6
1904,c4,6,,북(N) 방향 거리 7
1905,c4,7,c4d4,동(E) 방향 거리 1
1906,c4,8,c4e4,동(E) 방향 거리 2
1907,c4,9,c4f4,동(E) 방향 거리 3
1908,c4,10,c4g4,동(E) 방향 거리 4
1909,c4,11,c4h4,동(E) 방향 거리 5
1910,c4,12,,동(E) 방향 거리 6
1911,c4,13,,동(E) 방향 거리 7
1912,c4,14,c4c3,남(S) 방향 거리 1
1913,c4,15,c4c2,남(S) 방향 거리 2
1914,c4,16,c4c1,남(S) 방향 거리 3
1915,c4,17,,남(S) 방향 거리 4
1916,c4,18,,남(S) 방향 거리 5
1917,c4,19,,남(S) 방향 거리 6
1918,c4,20,,남(S) 방향 거리 7
1919,c4,21,c4b4,서(W) 방향 거리 1
1920,c4,22,c4a4,서(W) 방향 거리 2
1921,c4,23,,서(W) 방향 거리 3
1922,c4,24,,서(W) 방향 거리 4
1923,c4,25,,서(W) 방향 거리 5
1924,c4,26,,서(W) 방향 거리 6
1925,c4,27,,서(W) 방향 거리 7
1926,c4,28,c4d5,북동(NE) 방향 거리 1
1927,c4,29,c4e6,북동(NE) 방향 거리 2
1928,c4,30,c4f7,북동(NE) 방향 거리 3
1929,c4,31,c4g8,북동(NE) 방향 거리 4
1930,c4,32,,북동(NE) 방향 거리 5
1931,c4,33,,북동(NE) 방향 거리 6
1932,c4,34,,북동(NE) 방향 거리 7
1933,c4,35,c4b5,북서(NW) 방향 거리 1
1934,c4,36,c4a6,북서(NW) 방향 거리 2
1935,c4,37,,북서(NW) 방향 거리 3
1936,c4,38,,북서(NW) 방향 거리 4
1937,c4,39,,북서(NW) 방향 거리 5
1938,c4,40,,북서(NW) 방향 거리 6
1939,c4,41,,북서(NW) 방향 거리 7
1940,c4,42,c4d3,남동(SE) 방향 거리 1
1941,c4,43,c4e2,남동(SE) 방향 거리 2
1942,c4,44,c4f1,남동(SE) 방향 거리 3
1943,c4,45,,남동(SE) 방향 거리 4
1944,c4,46,,남동(SE) 방향 거리 5
1945,c4,47,,남동(SE) 방향 거리 6
1946,c4,48,,남동(SE) 방향 거리 7
1947,c4,49,c4b3,남서(SW) 방향 거리 1
1948,c4,50,c4a2,남서(SW) 방향 거리 2
1949,c4,51,,남서(SW) 방향 거리 3
1950,c4,52,,남서(SW) 방향 거리 4
1951,c4,53,,남서(SW) 방향 거리 5
1952,c4,54,,남서(SW) 방향 거리 6
1953,c4,55,,남서(SW) 방향 거리 7
1954,c4,56,c4d6,"나이트 이동 (+1,+2)"
1955,c4,57,c4e5,"나이트 이동 (+2,+1)"
1956,c4,58,c4e3,"나이트 이동 (+2,−1)"
1957,c4,59,c4d2,"나이트 이동 (+1,−2)"
1958,c4,60,c4b2,"나이트 이동 (−1,−2)"
1959,c4,61,c4a3,"나이트 이동 (−2,−1)"
1960,c4,62,c4a5,"나이트 이동 (−2,+1)"
1961,c4,63,c4b6,"나이트 이동 (−1,+2)"
1962,c4,64,,폰 직진 승격 → 나이트
1963,c4,65,,폰 직진 승격 → 비숍
1964,c4,66,,폰 직진 승격 → 룩
1965,c4,67,,폰 대각선 우 승격 → 나이트
1966,c4,68,,폰 대각선 우 승격 → 비숍
1967,c4,69,,폰 대각선 우 승격 → 룩
1968,c4,70,,폰 대각선 좌 승격 → 나이트
1969,c4,71,,폰 대각선 좌 승격 → 비숍
1970,c4,72,,폰 대각선 좌 승격 → 룩
1971,d4,0,d4d5,북(N) 방향 거리 1
1972,d4,1,d4d6,북(N) 방향 거리 2
1973,d4,2,d4d7,북(N) 방향 거리 3
1974,d4,3,d4d8,북(N) 방향 거리 4
1975,d4,4,,북(N) 방향 거리 5
1976,d4,5,,북(N) 방향 거리 6
1977,d4,6,,북(N) 방향 거리 7
1978,d4,7,d4e4,동(E) 방향 거리 1
1979,d4,8,d4f4,동(E) 방향 거리 2
1980,d4,9,d4g4,동(E) 방향 거리 3
1981,d4,10,d4h4,동(E) 방향 거리 4
1982,d4,11,,동(E) 방향 거리 5
1983,d4,12,,동(E) 방향 거리 6
1984,d4,13,,동(E) 방향 거리 7
1985,d4,14,d4d3,남(S) 방향 거리 1
1986,d4,15,d4d2,남(S) 방향 거리 2
1987,d4,16,d4d1,남(S) 방향 거리 3
1988,d4,17,,남(S) 방향 거리 4
1989,d4,18,,남(S) 방향 거리 5
1990,d4,19,,남(S) 방향 거리 6
1991,d4,20,,남(S) 방향 거리 7
1992,d4,21,d4c4,서(W) 방향 거리 1
1993,d4,22,d4b4,서(W) 방향 거리 2
1994,d4,23,d4a4,서(W) 방향 거리 3
1995,d4,24,,서(W) 방향 거리 4
1996,d4,25,,서(W) 방향 거리 5
1997,d4,26,,서(W) 방향 거리 6
1998,d4,27,,서(W) 방향 거리 7
1999,d4,28,d4e5,북동(NE) 방향 거리 1
2000,d4,29,d4f6,북동(NE) 방향 거리 2
2001,d4,30,d4g7,북동(NE) 방향 거리 3
2002,d4,31,d4h8,북동(NE) 방향 거리 4
2003,d4,32,,북동(NE) 방향 거리 5
2004,d4,33,,북동(NE) 방향 거리 6
2005,d4,34,,북동(NE) 방향 거리 7
2006,d4,35,d4c5,북서(NW) 방향 거리 1
2007,d4,36,d4b6,북서(NW) 방향 거리 2
2008,d4,37,d4a7,북서(NW) 방향 거리 3
2009,d4,38,,북서(NW) 방향 거리 4
2010,d4,39,,북서(NW) 방향 거리 5
2011,d4,40,,북서(NW) 방향 거리 6
2012,d4,41,,북서(NW) 방향 거리 7
2013,d4,42,d4e3,남동(SE) 방향 거리 1
2014,d4,43,d4f2,남동(SE) 방향 거리 2
2015,d4,44,d4g1,남동(SE) 방향 거리 3
2016,d4,45,,남동(SE) 방향 거리 4
2017,d4,46,,남동(SE) 방향 거리 5
2018,d4,47,,남동(SE) 방향 거리 6
2019,d4,48,,남동(SE) 방향 거리 7
2020,d4,49,d4c3,남서(SW) 방향 거리 1
2021,d4,50,d4b2,남서(SW) 방향 거리 2
2022,d4,51,d4a1,남서(SW) 방향 거리 3
2023,d4,52,,남서(SW) 방향 거리 4
2024,d4,53,,남서(SW) 방향 거리 5
2025,d4,54,,남서(SW) 방향 거리 6
2026,d4,55,,남서(SW) 방향 거리 7
2027,d4,56,d4e6,"나이트 이동 (+1,+2)"
2028,d4,57,d4f5,"나이트 이동 (+2,+1)"
2029,d4,58,d4f3,"나이트 이동 (+2,−1)"
2030,d4,59,d4e2,"나이트 이동 (+1,−2)"
2031,d4,60,d4c2,"나이트 이동 (−1,−2)"
2032,d4,61,d4b3,"나이트 이동 (−2,−1)"
2033,d4,62,d4b5,"나이트 이동 (−2,+1)"
2034,d4,63,d4c6,"나이트 이동 (−1,+2)"
2035,d4,64,,폰 직진 승격 → 나이트
2036,d4,65,,폰 직진 승격 → 비숍
2037,d4,66,,폰 직진 승격 → 룩
2038,d4,67,,폰 대각선 우 승격 → 나이트
2039,d4,68,,폰 대각선 우 승격 → 비숍
2040,d4,69,,폰 대각선 우 승격 → 룩
2041,d4,70,,폰 대각선 좌 승격 → 나이트
2042,d4,71,,폰 대각선 좌 승격 → 비숍
2043,d4,72,,폰 대각선 좌 승격 → 룩
2044,e4,0,e4e5,북(N) 방향 거리 1
2045,e4,1,e4e6,북(N) 방향 거리 2
2046,e4,2,e4e7,북(N) 방향 거리 3
2047,e4,3,e4e8,북(N) 방향 거리 4
2048,e4,4,,북(N) 방향 거리 5
2049,e4,5,,북(N) 방향 거리 6
2050,e4,6,,북(N) 방향 거리 7
2051,e4,7,e4f4,동(E) 방향 거리 1
2052,e4,8,e4g4,동(E) 방향 거리 2
2053,e4,9,e4h4,동(E) 방향 거리 3
2054,e4,10,,동(E) 방향 거리 4
2055,e4,11,,동(E) 방향 거리 5
2056,e4,12,,동(E) 방향 거리 6
2057,e4,13,,동(E) 방향 거리 7
2058,e4,14,e4e3,남(S) 방향 거리 1
2059,e4,15,e4e2,남(S) 방향 거리 2
2060,e4,16,e4e1,남(S) 방향 거리 3
2061,e4,17,,남(S) 방향 거리 4
2062,e4,18,,남(S) 방향 거리 5
2063,e4,19,,남(S) 방향 거리 6
2064,e4,20,,남(S) 방향 거리 7
2065,e4,21,e4d4,서(W) 방향 거리 1
2066,e4,22,e4c4,서(W) 방향 거리 2
2067,e4,23,e4b4,서(W) 방향 거리 3
2068,e4,24,e4a4,서(W) 방향 거리 4
2069,e4,25,,서(W) 방향 거리 5
2070,e4,26,,서(W) 방향 거리 6
2071,e4,27,,서(W) 방향 거리 7
2072,e4,28,e4f5,북동(NE) 방향 거리 1
2073,e4,29,e4g6,북동(NE) 방향 거리 2
2074,e4,30,e4h7,북동(NE) 방향 거리 3
2075,e4,31,,북동(NE) 방향 거리 4
2076,e4,32,,북동(NE) 방향 거리 5
2077,e4,33,,북동(NE) 방향 거리 6
2078,e4,34,,북동(NE) 방향 거리 7
2079,e4,35,e4d5,북서(NW) 방향 거리 1
2080,e4,36,e4c6,북서(NW) 방향 거리 2
2081,e4,37,e4b7,북서(NW) 방향 거리 3
2082,e4,38,e4a8,북서(NW) 방향 거리 4
2083,e4,39,,북서(NW) 방향 거리 5
2084,e4,40,,북서(NW) 방향 거리 6
2085,e4,41,,북서(NW) 방향 거리 7
2086,e4,42,e4f3,남동(SE) 방향 거리 1
2087,e4,43,e4g2,남동(SE) 방향 거리 2
2088,e4,44,e4h1,남동(SE) 방향 거리 3
2089,e4,45,,남동(SE) 방향 거리 4
2090,e4,46,,남동(SE) 방향 거리 5
2091,e4,47,,남동(SE) 방향 거리 6
2092,e4,48,,남동(SE) 방향 거리 7
2093,e4,49,e4d3,남서(SW) 방향 거리 1
2094,e4,50,e4c2,남서(SW) 방향 거리 2
2095,e4,51,e4b1,남서(SW) 방향 거리 3
2096,e4,52,,남서(SW) 방향 거리 4
2097,e4,53,,남서(SW) 방향 거리 5
2098,e4,54,,남서(SW) 방향 거리 6
2099,e4,55,,남서(SW) 방향 거리 7
2100,e4,56,e4f6,"나이트 이동 (+1,+2)"
2101,e4,57,e4g5,"나이트 이동 (+2,+1)"
2102,e4,58,e4g3,"나이트 이동 (+2,−1)"
2103,e4,59,e4f2,"나이트 이동 (+1,−2)"
2104,e4,60,e4d2,"나이트 이동 (−1,−2)"
2105,e4,61,e4c3,"나이트 이동 (−2,−1)"
2106,e4,62,e4c5,"나이트 이동 (−2,+1)"
2107,e4,63,e4d6,"나이트 이동 (−1,+2)"
2108,e4,64,,폰 직진 승격 → 나이트
2109,e4,65,,폰 직진 승격 → 비숍
2110,e4,66,,폰 직진 승격 → 룩
2111,e4,67,,폰 대각선 우 승격 → 나이트
2112,e4,68,,폰 대각선 우 승격 → 비숍
2113,e4,69,,폰 대각선 우 승격 → 룩
2114,e4,70,,폰 대각선 좌 승격 → 나이트
2115,e4,71,,폰 대각선 좌 승격 → 비숍
2116,e4,72,,폰 대각선 좌 승격 → 룩
2117,f4,0,f4f5,북(N) 방향 거리 1
2118,f4,1,f4f6,북(N) 방향 거리 2
2119,f4,2,f4f7,북(N) 방향 거리 3
2120,f4,3,f4f8,북(N) 방향 거리 4
2121,f4,4,,북(N) 방향 거리 5
2122,f4,5,,북(N) 방향 거리 6
2123,f4,6,,북(N) 방향 거리 7
2124,f4,7,f4g4,동(E) 방향 거리 1
2125,f4,8,f4h4,동(E) 방향 거리 2
2126,f4,9,,동(E) 방향 거리 3
2127,f4,10,,동(E) 방향 거리 4
2128,f4,11,,동(E) 방향 거리 5
2129,f4,12,,동(E) 방향 거리 6
2130,f4,13,,동(E) 방향 거리 7
2131,f4,14,f4f3,남(S) 방향 거리 1
2132,f4,15,f4f2,남(S) 방향 거리 2
2133,f4,16,f4f1,남(S) 방향 거리 3
2134,f4,17,,남(S) 방향 거리 4
2135,f4,18,,남(S) 방향 거리 5
2136,f4,19,,남(S) 방향 거리 6
2137,f4,20,,남(S) 방향 거리 7
2138,f4,21,f4e4,서(W) 방향 거리 1
2139,f4,22,f4d4,서(W) 방향 거리 2
2140,f4,23,f4c4,서(W) 방향 거리 3
2141,f4,24,f4b4,서(W) 방향 거리 4
2142,f4,25,f4a4,서(W) 방향 거리 5
2143,f4,26,,서(W) 방향 거리 6
2144,f4,27,,서(W) 방향 거리 7
2145,f4,28,f4g5,북동(NE) 방향 거리 1
2146,f4,29,f4h6,북동(NE) 방향 거리 2
2147,f4,30,,북동(NE) 방향 거리 3
2148,f4,31,,북동(NE) 방향 거리 4
2149,f4,32,,북동(NE) 방향 거리 5
2150,f4,33,,북동(NE) 방향 거리 6
2151,f4,34,,북동(NE) 방향 거리 7
2152,f4,35,f4e5,북서(NW) 방향 거리 1
2153,f4,36,f4d6,북서(NW) 방향 거리 2
2154,f4,37,f4c7,북서(NW) 방향 거리 3
2155,f4,38,f4b8,북서(NW) 방향 거리 4
2156,f4,39,,북서(NW) 방향 거리 5
2157,f4,40,,북서(NW) 방향 거리 6
2158,f4,41,,북서(NW) 방향 거리 7
2159,f4,42,f4g3,남동(SE) 방향 거리 1
2160,f4,43,f4h2,남동(SE) 방향 거리 2
2161,f4,44,,남동(SE) 방향 거리 3
2162,f4,45,,남동(SE) 방향 거리 4
2163,f4,46,,남동(SE) 방향 거리 5
2164,f4,47,,남동(SE) 방향 거리 6
2165,f4,48,,남동(SE) 방향 거리 7
2166,f4,49,f4e3,남서(SW) 방향 거리 1
2167,f4,50,f4d2,남서(SW) 방향 거리 2
2168,f4,51,f4c1,남서(SW) 방향 거리 3
2169,f4,52,,남서(SW) 방향 거리 4
2170,f4,53,,남서(SW) 방향 거리 5
2171,f4,54,,남서(SW) 방향 거리 6
2172,f4,55,,남서(SW) 방향 거리 7
2173,f4,56,f4g6,"나이트 이동 (+1,+2)"
2174,f4,57,f4h5,"나이트 이동 (+2,+1)"
2175,f4,58,f4h3,"나이트 이동 (+2,−1)"
2176,f4,59,f4g2,"나이트 이동 (+1,−2)"
2177,f4,60,f4e2,"나이트 이동 (−1,−2)"
2178,f4,61,f4d3,"나이트 이동 (−2,−1)"
2179,f4,62,f4d5,"나이트 이동 (−2,+1)"
2180,f4,63,f4e6,"나이트 이동 (−1,+2)"
2181,f4,64,,폰 직진 승격 → 나이트
2182,f4,65,,폰 직진 승격 → 비숍
2183,f4,66,,폰 직진 승격 → 룩
2184,f4,67,,폰 대각선 우 승격 → 나이트
2185,f4,68,,폰 대각선 우 승격 → 비숍
2186,f4,69,,폰 대각선 우 승격 → 룩
2187,f4,70,,폰 대각선 좌 승격 → 나이트
2188,f4,71,,폰 대각선 좌 승격 → 비숍
2189,f4,72,,폰 대각선 좌 승격 → 룩
2190,g4,0,g4g5,북(N) 방향 거리 1
2191,g4,1,g4g6,북(N) 방향 거리 2
2192,g4,2,g4g7,북(N) 방향 거리 3
2193,g4,3,g4g8,북(N) 방향 거리 4
2194,g4,4,,북(N) 방향 거리 5
2195,g4,5,,북(N) 방향 거리 6
2196,g4,6,,북(N) 방향 거리 7
2197,g4,7,g4h4,동(E) 방향 거리 1
2198,g4,8,,동(E) 방향 거리 2
2199,g4,9,,동(E) 방향 거리 3
2200,g4,10,,동(E) 방향 거리 4
2201,g4,11,,동(E) 방향 거리 5
2202,g4,12,,동(E) 방향 거리 6
2203,g4,13,,동(E) 방향 거리 7
2204,g4,14,g4g3,남(S) 방향 거리 1
2205,g4,15,g4g2,남(S) 방향 거리 2
2206,g4,16,g4g1,남(S) 방향 거리 3
2207,g4,17,,남(S) 방향 거리 4
2208,g4,18,,남(S) 방향 거리 5
2209,g4,19,,남(S) 방향 거리 6
2210,g4,20,,남(S) 방향 거리 7
2211,g4,21,g4f4,서(W) 방향 거리 1
2212,g4,22,g4e4,서(W) 방향 거리 2
2213,g4,23,g4d4,서(W) 방향 거리 3
2214,g4,24,g4c4,서(W) 방향 거리 4
2215,g4,25,g4b4,서(W) 방향 거리 5
2216,g4,26,g4a4,서(W) 방향 거리 6
2217,g4,27,,서(W) 방향 거리 7
2218,g4,28,g4h5,북동(NE) 방향 거리 1
2219,g4,29,,북동(NE) 방향 거리 2
2220,g4,30,,북동(NE) 방향 거리 3
2221,g4,31,,북동(NE) 방향 거리 4
2222,g4,32,,북동(NE) 방향 거리 5
2223,g4,33,,북동(NE) 방향 거리 6
2224,g4,34,,북동(NE) 방향 거리 7
2225,g4,35,g4f5,북서(NW) 방향 거리 1
2226,g4,36,g4e6,북서(NW) 방향 거리 2
2227,g4,37,g4d7,북서(NW) 방향 거리 3
2228,g4,38,g4c8,북서(NW) 방향 거리 4
2229,g4,39,,북서(NW) 방향 거리 5
2230,g4,40,,북서(NW) 방향 거리 6
2231,g4,41,,북서(NW) 방향 거리 7
2232,g4,42,g4h3,남동(SE) 방향 거리 1
2233,g4,43,,남동(SE) 방향 거리 2
2234,g4,44,,남동(SE) 방향 거리 3
2235,g4,45,,남동(SE) 방향 거리 4
2236,g4,46,,남동(SE) 방향 거리 5
2237,g4,47,,남동(SE) 방향 거리 6
2238,g4,48,,남동(SE) 방향 거리 7
2239,g4,49,g4f3,남서(SW) 방향 거리 1
2240,g4,50,g4e2,남서(SW) 방향 거리 2
2241,g4,51,g4d1,남서(SW) 방향 거리 3
2242,g4,52,,남서(SW) 방향 거리 4
2243,g4,53,,남서(SW) 방향 거리 5
2244,g4,54,,남서(SW) 방향 거리 6
2245,g4,55,,남서(SW) 방향 거리 7
2246,g4,56,g4h6,"나이트 이동 (+1,+2)"
2247,g4,57,,"나이트 이동 (+2,+1)"
2248,g4,58,,"나이트 이동 (+2,−1)"
2249,g4,59,g4h2,"나이트 이동 (+1,−2)"
2250,g4,60,g4f2,"나이트 이동 (−1,−2)"
2251,g4,61,g4e3,"나이트 이동 (−2,−1)"
2252,g4,62,g4e5,"나이트 이동 (−2,+1)"
2253,g4,63,g4f6,"나이트 이동 (−1,+2)"
2254,g4,64,,폰 직진 승격 → 나이트
2255,g4,65,,폰 직진 승격 → 비숍
2256,g4,66,,폰 직진 승격 → 룩
2257,g4,67,,폰 대각선 우 승격 → 나이트
2258,g4,68,,폰 대각선 우 승격 → 비숍
2259,g4,69,,폰 대각선 우 승격 → 룩
2260,g4,70,,폰 대각선 좌 승격 → 나이트
2261,g4,71,,폰 대각선 좌 승격 → 비숍
2262,g4,72,,폰 대각선 좌 승격 → 룩
2263,h4,0,h4h5,북(N) 방향 거리 1
2264,h4,1,h4h6,북(N) 방향 거리 2
2265,h4,2,h4h7,북(N) 방향 거리 3
2266,h4,3,h4h8,북(N) 방향 거리 4
2267,h4,4,,북(N) 방향 거리 5
2268,h4,5,,북(N) 방향 거리 6
2269,h4,6,,북(N) 방향 거리 7
2270,h4,7,,동(E) 방향 거리 1
2271,h4,8,,동(E) 방향 거리 2
2272,h4,9,,동(E) 방향 거리 3
2273,h4,10,,동(E) 방향 거리 4
2274,h4,11,,동(E) 방향 거리 5
2275,h4,12,,동(E) 방향 거리 6
2276,h4,13,,동(E) 방향 거리 7
2277,h4,14,h4h3,남(S) 방향 거리 1
2278,h4,15,h4h2,남(S) 방향 거리 2
2279,h4,16,h4h1,남(S) 방향 거리 3
2280,h4,17,,남(S) 방향 거리 4
2281,h4,18,,남(S) 방향 거리 5
2282,h4,19,,남(S) 방향 거리 6
2283,h4,20,,남(S) 방향 거리 7
2284,h4,21,h4g4,서(W) 방향 거리 1
2285,h4,22,h4f4,서(W) 방향 거리 2
2286,h4,23,h4e4,서(W) 방향 거리 3
2287,h4,24,h4d4,서(W) 방향 거리 4
2288,h4,25,h4c4,서(W) 방향 거리 5
2289,h4,26,h4b4,서(W) 방향 거리 6
2290,h4,27,h4a4,서(W) 방향 거리 7
2291,h4,28,,북동(NE) 방향 거리 1
2292,h4,29,,북동(NE) 방향 거리 2
2293,h4,30,,북동(NE) 방향 거리 3
2294,h4,31,,북동(NE) 방향 거리 4
2295,h4,32,,북동(NE) 방향 거리 5
2296,h4,33,,북동(NE) 방향 거리 6
2297,h4,34,,북동(NE) 방향 거리 7
2298,h4,35,h4g5,북서(NW) 방향 거리 1
2299,h4,36,h4f6,북서(NW) 방향 거리 2
2300,h4,37,h4e7,북서(NW) 방향 거리 3
2301,h4,38,h4d8,북서(NW) 방향 거리 4
2302,h4,39,,북서(NW) 방향 거리 5
2303,h4,40,,북서(NW) 방향 거리 6
2304,h4,41,,북서(NW) 방향 거리 7
2305,h4,42,,남동(SE) 방향 거리 1
2306,h4,43,,남동(SE) 방향 거리 2
2307,h4,44,,남동(SE) 방향 거리 3
2308,h4,45,,남동(SE) 방향 거리 4
2309,h4,46,,남동(SE) 방향 거리 5
2310,h4,47,,남동(SE) 방향 거리 6
2311,h4,48,,남동(SE) 방향 거리 7
2312,h4,49,h4g3,남서(SW) 방향 거리 1
2313,h4,50,h4f2,남서(SW) 방향 거리 2
2314,h4,51,h4e1,남서(SW) 방향 거리 3
2315,h4,52,,남서(SW) 방향 거리 4
2316,h4,53,,남서(SW) 방향 거리 5
2317,h4,54,,남서(SW) 방향 거리 6
2318,h4,55,,남서(SW) 방향 거리 7
2319,h4,56,,"나이트 이동 (+1,+2)"
2320,h4,57,,"나이트 이동 (+2,+1)"
2321,h4,58,,"나이트 이동 (+2,−1)"
2322,h4,59,,"나이트 이동 (+1,−2)"
2323,h4,60,h4g2,"나이트 이동 (−1,−2)"
2324,h4,61,h4f3,"나이트 이동 (−2,−1)"
2325,h4,62,h4f5,"나이트 이동 (−2,+1)"
2326,h4,63,h4g6,"나이트 이동 (−1,+2)"
2327,h4,64,,폰 직진 승격 → 나이트
2328,h4,65,,폰 직진 승격 → 비숍
2329,h4,66,,폰 직진 승격 → 룩
2330,h4,67,,폰 대각선 우 승격 → 나이트
2331,h4,68,,폰 대각선 우 승격 → 비숍
2332,h4,69,,폰 대각선 우 승격 → 룩
2333,h4,70,,폰 대각선 좌 승격 → 나이트
2334,h4,71,,폰 대각선 좌 승격 → 비숍
2335,h4,72,,폰 대각선 좌 승격 → 룩
2336,a5,0,a5a6,북(N) 방향 거리 1
2337,a5,1,a5a7,북(N) 방향 거리 2
2338,a5,2,a5a8,북(N) 방향 거리 3
2339,a5,3,,북(N) 방향 거리 4
2340,a5,4,,북(N) 방향 거리 5
2341,a5,5,,북(N) 방향 거리 6
2342,a5,6,,북(N) 방향 거리 7
2343,a5,7,a5b5,동(E) 방향 거리 1
2344,a5,8,a5c5,동(E) 방향 거리 2
2345,a5,9,a5d5,동(E) 방향 거리 3
2346,a5,10,a5e5,동(E) 방향 거리 4
2347,a5,11,a5f5,동(E) 방향 거리 5
2348,a5,12,a5g5,동(E) 방향 거리 6
2349,a5,13,a5h5,동(E) 방향 거리 7
2350,a5,14,a5a4,남(S) 방향 거리 1
2351,a5,15,a5a3,남(S) 방향 거리 2
2352,a5,16,a5a2,남(S) 방향 거리 3
2353,a5,17,a5a1,남(S) 방향 거리 4
2354,a5,18,,남(S) 방향 거리 5
2355,a5,19,,남(S) 방향 거리 6
2356,a5,20,,남(S) 방향 거리 7
2357,a5,21,,서(W) 방향 거리 1
2358,a5,22,,서(W) 방향 거리 2
2359,a5,23,,서(W) 방향 거리 3
2360,a5,24,,서(W) 방향 거리 4
2361,a5,25,,서(W) 방향 거리 5
2362,a5,26,,서(W) 방향 거리 6
2363,a5,27,,서(W) 방향 거리 7
2364,a5,28,a5b6,북동(NE) 방향 거리 1
2365,a5,29,a5c7,북동(NE) 방향 거리 2
2366,a5,30,a5d8,북동(NE) 방향 거리 3
2367,a5,31,,북동(NE) 방향 거리 4
2368,a5,32,,북동(NE) 방향 거리 5
2369,a5,33,,북동(NE) 방향 거리 6
2370,a5,34,,북동(NE) 방향 거리 7
2371,a5,35,,북서(NW) 방향 거리 1
2372,a5,36,,북서(NW) 방향 거리 2
2373,a5,37,,북서(NW) 방향 거리 3
2374,a5,38,,북서(NW) 방향 거리 4
2375,a5,39,,북서(NW) 방향 거리 5
2376,a5,40,,북서(NW) 방향 거리 6
2377,a5,41,,북서(NW) 방향 거리 7
2378,a5,42,a5b4,남동(SE) 방향 거리 1
2379,a5,43,a5c3,남동(SE) 방향 거리 2
2380,a5,44,a5d2,남동(SE) 방향 거리 3
2381,a5,45,a5e1,남동(SE) 방향 거리 4
2382,a5,46,,남동(SE) 방향 거리 5
2383,a5,47,,남동(SE) 방향 거리 6
2384,a5,48,,남동(SE) 방향 거리 7
2385,a5,49,,남서(SW) 방향 거리 1
2386,a5,50,,남서(SW) 방향 거리 2
2387,a5,51,,남서(SW) 방향 거리 3
2388,a5,52,,남서(SW) 방향 거리 4
2389,a5,53,,남서(SW) 방향 거리 5
2390,a5,54,,남서(SW) 방향 거리 6
2391,a5,55,,남서(SW) 방향 거리 7
2392,a5,56,a5b7,"나이트 이동 (+1,+2)"
2393,a5,57,a5c6,"나이트 이동 (+2,+1)"
2394,a5,58,a5c4,"나이트 이동 (+2,−1)"
2395,a5,59,a5b3,"나이트 이동 (+1,−2)"
2396,a5,60,,"나이트 이동 (−1,−2)"
2397,a5,61,,"나이트 이동 (−2,−1)"
2398,a5,62,,"나이트 이동 (−2,+1)"
2399,a5,63,,"나이트 이동 (−1,+2)"
2400,a5,64,,폰 직진 승격 → 나이트
2401,a5,65,,폰 직진 승격 → 비숍
2402,a5,66,,폰 직진 승격 → 룩
2403,a5,67,,폰 대각선 우 승격 → 나이트
2404,a5,68,,폰 대각선 우 승격 → 비숍
2405,a5,69,,폰 대각선 우 승격 → 룩
2406,a5,70,,폰 대각선 좌 승격 → 나이트
2407,a5,71,,폰 대각선 좌 승격 → 비숍
2408,a5,72,,폰 대각선 좌 승격 → 룩
2409,b5,0,b5b6,북(N) 방향 거리 1
2410,b5,1,b5b7,북(N) 방향 거리 2
2411,b5,2,b5b8,북(N) 방향 거리 3
2412,b5,3,,북(N) 방향 거리 4
2413,b5,4,,북(N) 방향 거리 5
2414,b5,5,,북(N) 방향 거리 6
2415,b5,6,,북(N) 방향 거리 7
2416,b5,7,b5c5,동(E) 방향 거리 1
2417,b5,8,b5d5,동(E) 방향 거리 2
2418,b5,9,b5e5,동(E) 방향 거리 3
2419,b5,10,b5f5,동(E) 방향 거리 4
2420,b5,11,b5g5,동(E) 방향 거리 5
2421,b5,12,b5h5,동(E) 방향 거리 6
2422,b5,13,,동(E) 방향 거리 7
2423,b5,14,b5b4,남(S) 방향 거리 1
2424,b5,15,b5b3,남(S) 방향 거리 2
2425,b5,16,b5b2,남(S) 방향 거리 3
2426,b5,17,b5b1,남(S) 방향 거리 4
2427,b5,18,,남(S) 방향 거리 5
2428,b5,19,,남(S) 방향 거리 6
2429,b5,20,,남(S) 방향 거리 7
2430,b5,21,b5a5,서(W) 방향 거리 1
2431,b5,22,,서(W) 방향 거리 2
2432,b5,23,,서(W) 방향 거리 3
2433,b5,24,,서(W) 방향 거리 4
2434,b5,25,,서(W) 방향 거리 5
2435,b5,26,,서(W) 방향 거리 6
2436,b5,27,,서(W) 방향 거리 7
2437,b5,28,b5c6,북동(NE) 방향 거리 1
2438,b5,29,b5d7,북동(NE) 방향 거리 2
2439,b5,30,b5e8,북동(NE) 방향 거리 3
2440,b5,31,,북동(NE) 방향 거리 4
2441,b5,32,,북동(NE) 방향 거리 5
2442,b5,33,,북동(NE) 방향 거리 6
2443,b5,34,,북동(NE) 방향 거리 7
2444,b5,35,b5a6,북서(NW) 방향 거리 1
2445,b5,36,,북서(NW) 방향 거리 2
2446,b5,37,,북서(NW) 방향 거리 3
2447,b5,38,,북서(NW) 방향 거리 4
2448,b5,39,,북서(NW) 방향 거리 5
2449,b5,40,,북서(NW) 방향 거리 6
2450,b5,41,,북서(NW) 방향 거리 7
2451,b5,42,b5c4,남동(SE) 방향 거리 1
2452,b5,43,b5d3,남동(SE) 방향 거리 2
2453,b5,44,b5e2,남동(SE) 방향 거리 3
2454,b5,45,b5f1,남동(SE) 방향 거리 4
2455,b5,46,,남동(SE) 방향 거리 5
2456,b5,47,,남동(SE) 방향 거리 6
2457,b5,48,,남동(SE) 방향 거리 7
2458,b5,49,b5a4,남서(SW) 방향 거리 1
2459,b5,50,,남서(SW) 방향 거리 2
2460,b5,51,,남서(SW) 방향 거리 3
2461,b5,52,,남서(SW) 방향 거리 4
2462,b5,53,,남서(SW) 방향 거리 5
2463,b5,54,,남서(SW) 방향 거리 6
2464,b5,55,,남서(SW) 방향 거리 7
2465,b5,56,b5c7,"나이트 이동 (+1,+2)"
2466,b5,57,b5d6,"나이트 이동 (+2,+1)"
2467,b5,58,b5d4,"나이트 이동 (+2,−1)"
2468,b5,59,b5c3,"나이트 이동 (+1,−2)"
2469,b5,60,b5a3,"나이트 이동 (−1,−2)"
2470,b5,61,,"나이트 이동 (−2,−1)"
2471,b5,62,,"나이트 이동 (−2,+1)"
2472,b5,63,b5a7,"나이트 이동 (−1,+2)"
2473,b5,64,,폰 직진 승격 → 나이트
2474,b5,65,,폰 직진 승격 → 비숍
2475,b5,66,,폰 직진 승격 → 룩
2476,b5,67,,폰 대각선 우 승격 → 나이트
2477,b5,68,,폰 대각선 우 승격 → 비숍
2478,b5,69,,폰 대각선 우 승격 → 룩
2479,b5,70,,폰 대각선 좌 승격 → 나이트
2480,b5,71,,폰 대각선 좌 승격 → 비숍
2481,b5,72,,폰 대각선 좌 승격 → 룩
2482,c5,0,c5c6,북(N) 방향 거리 1
2483,c5,1,c5c7,북(N) 방향 거리 2
2484,c5,2,c5c8,북(N) 방향 거리 3
2485,c5,3,,북(N) 방향 거리 4
2486,c5,4,,북(N) 방향 거리 5
2487,c5,5,,북(N) 방향 거리 6
2488,c5,6,,북(N) 방향 거리 7
2489,c5,7,c5d5,동(E) 방향 거리 1
2490,c5,8,c5e5,동(E) 방향 거리 2
2491,c5,9,c5f5,동(E) 방향 거리 3
2492,c5,10,c5g5,동(E) 방향 거리 4
2493,c5,11,c5h5,동(E) 방향 거리 5
2494,c5,12,,동(E) 방향 거리 6
2495,c5,13,,동(E) 방향 거리 7
2496,c5,14,c5c4,남(S) 방향 거리 1
2497,c5,15,c5c3,남(S) 방향 거리 2
2498,c5,16,c5c2,남(S) 방향 거리 3
2499,c5,17,c5c1,남(S) 방향 거리 4
2500,c5,18,,남(S) 방향 거리 5
2501,c5,19,,남(S) 방향 거리 6
2502,c5,20,,남(S) 방향 거리 7
2503,c5,21,c5b5,서(W) 방향 거리 1
2504,c5,22,c5a5,서(W) 방향 거리 2
2505,c5,23,,서(W) 방향 거리 3
2506,c5,24,,서(W) 방향 거리 4
2507,c5,25,,서(W) 방향 거리 5
2508,c5,26,,서(W) 방향 거리 6
2509,c5,27,,서(W) 방향 거리 7
2510,c5,28,c5d6,북동(NE) 방향 거리 1
2511,c5,29,c5e7,북동(NE) 방향 거리 2
2512,c5,30,c5f8,북동(NE) 방향 거리 3
2513,c5,31,,북동(NE) 방향 거리 4
2514,c5,32,,북동(NE) 방향 거리 5
2515,c5,33,,북동(NE) 방향 거리 6
2516,c5,34,,북동(NE) 방향 거리 7
2517,c5,35,c5b6,북서(NW) 방향 거리 1
2518,c5,36,c5a7,북서(NW) 방향 거리 2
2519,c5,37,,북서(NW) 방향 거리 3
2520,c5,38,,북서(NW) 방향 거리 4
2521,c5,39,,북서(NW) 방향 거리 5
2522,c5,40,,북서(NW) 방향 거리 6
2523,c5,41,,북서(NW) 방향 거리 7
2524,c5,42,c5d4,남동(SE) 방향 거리 1
2525,c5,43,c5e3,남동(SE) 방향 거리 2
2526,c5,44,c5f2,남동(SE) 방향 거리 3
2527,c5,45,c5g1,남동(SE) 방향 거리 4
2528,c5,46,,남동(SE) 방향 거리 5
2529,c5,47,,남동(SE) 방향 거리 6
2530,c5,48,,남동(SE) 방향 거리 7
2531,c5,49,c5b4,남서(SW) 방향 거리 1
2532,c5,50,c5a3,남서(SW) 방향 거리 2
2533,c5,51,,남서(SW) 방향 거리 3
2534,c5,52,,남서(SW) 방향 거리 4
2535,c5,53,,남서(SW) 방향 거리 5
2536,c5,54,,남서(SW) 방향 거리 6
2537,c5,55,,남서(SW) 방향 거리 7
2538,c5,56,c5d7,"나이트 이동 (+1,+2)"
2539,c5,57,c5e6,"나이트 이동 (+2,+1)"
2540,c5,58,c5e4,"나이트 이동 (+2,−1)"
2541,c5,59,c5d3,"나이트 이동 (+1,−2)"
2542,c5,60,c5b3,"나이트 이동 (−1,−2)"
2543,c5,61,c5a4,"나이트 이동 (−2,−1)"
2544,c5,62,c5a6,"나이트 이동 (−2,+1)"
2545,c5,63,c5b7,"나이트 이동 (−1,+2)"
2546,c5,64,,폰 직진 승격 → 나이트
2547,c5,65,,폰 직진 승격 → 비숍
2548,c5,66,,폰 직진 승격 → 룩
2549,c5,67,,폰 대각선 우 승격 → 나이트
2550,c5,68,,폰 대각선 우 승격 → 비숍
2551,c5,69,,폰 대각선 우 승격 → 룩
2552,c5,70,,폰 대각선 좌 승격 → 나이트
2553,c5,71,,폰 대각선 좌 승격 → 비숍
2554,c5,72,,폰 대각선 좌 승격 → 룩
2555,d5,0,d5d6,북(N) 방향 거리 1
2556,d5,1,d5d7,북(N) 방향 거리 2
2557,d5,2,d5d8,북(N) 방향 거리 3
2558,d5,3,,북(N) 방향 거리 4
2559,d5,4,,북(N) 방향 거리 5
2560,d5,5,,북(N) 방향 거리 6
2561,d5,6,,북(N) 방향 거리 7
2562,d5,7,d5e5,동(E) 방향 거리 1
2563,d5,8,d5f5,동(E) 방향 거리 2
2564,d5,9,d5g5,동(E) 방향 거리 3
2565,d5,10,d5h5,동(E) 방향 거리 4
2566,d5,11,,동(E) 방향 거리 5
2567,d5,12,,동(E) 방향 거리 6
2568,d5,13,,동(E) 방향 거리 7
2569,d5,14,d5d4,남(S) 방향 거리 1
2570,d5,15,d5d3,남(S) 방향 거리 2
2571,d5,16,d5d2,남(S) 방향 거리 3
2572,d5,17,d5d1,남(S) 방향 거리 4
2573,d5,18,,남(S) 방향 거리 5
2574,d5,19,,남(S) 방향 거리 6
2575,d5,20,,남(S) 방향 거리 7
2576,d5,21,d5c5,서(W) 방향 거리 1
2577,d5,22,d5b5,서(W) 방향 거리 2
2578,d5,23,d5a5,서(W) 방향 거리 3
2579,d5,24,,서(W) 방향 거리 4
2580,d5,25,,서(W) 방향 거리 5
2581,d5,26,,서(W) 방향 거리 6
2582,d5,27,,서(W) 방향 거리 7
2583,d5,28,d5e6,북동(NE) 방향 거리 1
2584,d5,29,d5f7,북동(NE) 방향 거리 2
2585,d5,30,d5g8,북동(NE) 방향 거리 3
2586,d5,31,,북동(NE) 방향 거리 4
2587,d5,32,,북동(NE) 방향 거리 5
2588,d5,33,,북동(NE) 방향 거리 6
2589,d5,34,,북동(NE) 방향 거리 7
2590,d5,35,d5c6,북서(NW) 방향 거리 1
2591,d5,36,d5b7,북서(NW) 방향 거리 2
2592,d5,37,d5a8,북서(NW) 방향 거리 3
2593,d5,38,,북서(NW) 방향 거리 4
2594,d5,39,,북서(NW) 방향 거리 5
2595,d5,40,,북서(NW) 방향 거리 6
2596,d5,41,,북서(NW) 방향 거리 7
2597,d5,42,d5e4,남동(SE) 방향 거리 1
2598,d5,43,d5f3,남동(SE) 방향 거리 2
2599,d5,44,d5g2,남동(SE) 방향 거리 3
2600,d5,45,d5h1,남동(SE) 방향 거리 4
2601,d5,46,,남동(SE) 방향 거리 5
2602,d5,47,,남동(SE) 방향 거리 6
2603,d5,48,,남동(SE) 방향 거리 7
2604,d5,49,d5c4,남서(SW) 방향 거리 1
2605,d5,50,d5b3,남서(SW) 방향 거리 2
2606,d5,51,d5a2,남서(SW) 방향 거리 3
2607,d5,52,,남서(SW) 방향 거리 4
2608,d5,53,,남서(SW) 방향 거리 5
2609,d5,54,,남서(SW) 방향 거리 6
2610,d5,55,,남서(SW) 방향 거리 7
2611,d5,56,d5e7,"나이트 이동 (+1,+2)"
2612,d5,57,d5f6,"나이트 이동 (+2,+1)"
2613,d5,58,d5f4,"나이트 이동 (+2,−1)"
2614,d5,59,d5e3,"나이트 이동 (+1,−2)"
2615,d5,60,d5c3,"나이트 이동 (−1,−2)"
2616,d5,61,d5b4,"나이트 이동 (−2,−1)"
2617,d5,62,d5b6,"나이트 이동 (−2,+1)"
2618,d5,63,d5c7,"나이트 이동 (−1,+2)"
2619,d5,64,,폰 직진 승격 → 나이트
2620,d5,65,,폰 직진 승격 → 비숍
2621,d5,66,,폰 직진 승격 → 룩
2622,d5,67,,폰 대각선 우 승격 → 나이트
2623,d5,68,,폰 대각선 우 승격 → 비숍
2624,d5,69,,폰 대각선 우 승격 → 룩
2625,d5,70,,폰 대각선 좌 승격 → 나이트
2626,d5,71,,폰 대각선 좌 승격 → 비숍
2627,d5,72,,폰 대각선 좌 승격 → 룩
2628,e5,0,e5e6,북(N) 방향 거리 1
2629,e5,1,e5e7,북(N) 방향 거리 2
2630,e5,2,e5e8,북(N) 방향 거리 3
2631,e5,3,,북(N) 방향 거리 4
2632,e5,4,,북(N) 방향 거리 5
2633,e5,5,,북(N) 방향 거리 6
2634,e5,6,,북(N) 방향 거리 7
2635,e5,7,e5f5,동(E) 방향 거리 1
2636,e5,8,e5g5,동(E) 방향 거리 2
2637,e5,9,e5h5,동(E) 방향 거리 3
2638,e5,10,,동(E) 방향 거리 4
2639,e5,11,,동(E) 방향 거리 5
2640,e5,12,,동(E) 방향 거리 6
2641,e5,13,,동(E) 방향 거리 7
2642,e5,14,e5e4,남(S) 방향 거리 1
2643,e5,15,e5e3,남(S) 방향 거리 2
2644,e5,16,e5e2,남(S) 방향 거리 3
2645,e5,17,e5e1,남(S) 방향 거리 4
2646,e5,18,,남(S) 방향 거리 5
2647,e5,19,,남(S) 방향 거리 6
2648,e5,20,,남(S) 방향 거리 7
2649,e5,21,e5d5,서(W) 방향 거리 1
2650,e5,22,e5c5,서(W) 방향 거리 2
2651,e5,23,e5b5,서(W) 방향 거리 3
2652,e5,24,e5a5,서(W) 방향 거리 4
2653,e5,25,,서(W) 방향 거리 5
2654,e5,26,,서(W) 방향 거리 6
2655,e5,27,,서(W) 방향 거리 7
2656,e5,28,e5f6,북동(NE) 방향 거리 1
2657,e5,29,e5g7,북동(NE) 방향 거리 2
2658,e5,30,e5h8,북동(NE) 방향 거리 3
2659,e5,31,,북동(NE) 방향 거리 4
2660,e5,32,,북동(NE) 방향 거리 5
2661,e5,33,,북동(NE) 방향 거리 6
2662,e5,34,,북동(NE) 방향 거리 7
2663,e5,35,e5d6,북서(NW) 방향 거리 1
2664,e5,36,e5c7,북서(NW) 방향 거리 2
2665,e5,37,e5b8,북서(NW) 방향 거리 3
2666,e5,38,,북서(NW) 방향 거리 4
2667,e5,39,,북서(NW) 방향 거리 5
2668,e5,40,,북서(NW) 방향 거리 6
2669,e5,41,,북서(NW) 방향 거리 7
2670,e5,42,e5f4,남동(SE) 방향 거리 1
2671,e5,43,e5g3,남동(SE) 방향 거리 2
2672,e5,44,e5h2,남동(SE) 방향 거리 3
2673,e5,45,,남동(SE) 방향 거리 4
2674,e5,46,,남동(SE) 방향 거리 5
2675,e5,47,,남동(SE) 방향 거리 6
2676,e5,48,,남동(SE) 방향 거리 7
2677,e5,49,e5d4,남서(SW) 방향 거리 1
2678,e5,50,e5c3,남서(SW) 방향 거리 2
2679,e5,51,e5b2,남서(SW) 방향 거리 3
2680,e5,52,e5a1,남서(SW) 방향 거리 4
2681,e5,53,,남서(SW) 방향 거리 5
2682,e5,54,,남서(SW) 방향 거리 6
2683,e5,55,,남서(SW) 방향 거리 7
2684,e5,56,e5f7,"나이트 이동 (+1,+2)"
2685,e5,57,e5g6,"나이트 이동 (+2,+1)"
2686,e5,58,e5g4,"나이트 이동 (+2,−1)"
2687,e5,59,e5f3,"나이트 이동 (+1,−2)"
2688,e5,60,e5d3,"나이트 이동 (−1,−2)"
2689,e5,61,e5c4,"나이트 이동 (−2,−1)"
2690,e5,62,e5c6,"나이트 이동 (−2,+1)"
2691,e5,63,e5d7,"나이트 이동 (−1,+2)"
2692,e5,64,,폰 직진 승격 → 나이트
2693,e5,65,,폰 직진 승격 → 비숍
2694,e5,66,,폰 직진 승격 → 룩
2695,e5,67,,폰 대각선 우 승격 → 나이트
2696,e5,68,,폰 대각선 우 승격 → 비숍
2697,e5,69,,폰 대각선 우 승격 → 룩
2698,e5,70,,폰 대각선 좌 승격 → 나이트
2699,e5,71,,폰 대각선 좌 승격 → 비숍
2700,e5,72,,폰 대각선 좌 승격 → 룩
2701,f5,0,f5f6,북(N) 방향 거리 1
2702,f5,1,f5f7,북(N) 방향 거리 2
2703,f5,2,f5f8,북(N) 방향 거리 3
2704,f5,3,,북(N) 방향 거리 4
2705,f5,4,,북(N) 방향 거리 5
2706,f5,5,,북(N) 방향 거리 6
2707,f5,6,,북(N) 방향 거리 7
2708,f5,7,f5g5,동(E) 방향 거리 1
2709,f5,8,f5h5,동(E) 방향 거리 2
2710,f5,9,,동(E) 방향 거리 3
2711,f5,10,,동(E) 방향 거리 4
2712,f5,11,,동(E) 방향 거리 5
2713,f5,12,,동(E) 방향 거리 6
2714,f5,13,,동(E) 방향 거리 7
2715,f5,14,f5f4,남(S) 방향 거리 1
2716,f5,15,f5f3,남(S) 방향 거리 2
2717,f5,16,f5f2,남(S) 방향 거리 3
2718,f5,17,f5f1,남(S) 방향 거리 4
2719,f5,18,,남(S) 방향 거리 5
2720,f5,19,,남(S) 방향 거리 6
2721,f5,20,,남(S) 방향 거리 7
2722,f5,21,f5e5,서(W) 방향 거리 1
2723,f5,22,f5d5,서(W) 방향 거리 2
2724,f5,23,f5c5,서(W) 방향 거리 3
2725,f5,24,f5b5,서(W) 방향 거리 4
2726,f5,25,f5a5,서(W) 방향 거리 5
2727,f5,26,,서(W) 방향 거리 6
2728,f5,27,,서(W) 방향 거리 7
2729,f5,28,f5g6,북동(NE) 방향 거리 1
2730,f5,29,f5h7,북동(NE) 방향 거리 2
2731,f5,30,,북동(NE) 방향 거리 3
2732,f5,31,,북동(NE) 방향 거리 4
2733,f5,32,,북동(NE) 방향 거리 5
2734,f5,33,,북동(NE) 방향 거리 6
2735,f5,34,,북동(NE) 방향 거리 7
2736,f5,35,f5e6,북서(NW) 방향 거리 1
2737,f5,36,f5d7,북서(NW) 방향 거리 2
2738,f5,37,f5c8,북서(NW) 방향 거리 3
2739,f5,38,,북서(NW) 방향 거리 4
2740,f5,39,,북서(NW) 방향 거리 5
2741,f5,40,,북서(NW) 방향 거리 6
2742,f5,41,,북서(NW) 방향 거리 7
2743,f5,42,f5g4,남동(SE) 방향 거리 1
2744,f5,43,f5h3,남동(SE) 방향 거리 2
2745,f5,44,,남동(SE) 방향 거리 3
2746,f5,45,,남동(SE) 방향 거리 4
2747,f5,46,,남동(SE) 방향 거리 5
2748,f5,47,,남동(SE) 방향 거리 6
2749,f5,48,,남동(SE) 방향 거리 7
2750,f5,49,f5e4,남서(SW) 방향 거리 1
2751,f5,50,f5d3,남서(SW) 방향 거리 2
2752,f5,51,f5c2,남서(SW) 방향 거리 3
2753,f5,52,f5b1,남서(SW) 방향 거리 4
2754,f5,53,,남서(SW) 방향 거리 5
2755,f5,54,,남서(SW) 방향 거리 6
2756,f5,55,,남서(SW) 방향 거리 7
2757,f5,56,f5g7,"나이트 이동 (+1,+2)"
2758,f5,57,f5h6,"나이트 이동 (+2,+1)"
2759,f5,58,f5h4,"나이트 이동 (+2,−1)"
2760,f5,59,f5g3,"나이트 이동 (+1,−2)"
2761,f5,60,f5e3,"나이트 이동 (−1,−2)"
2762,f5,61,f5d4,"나이트 이동 (−2,−1)"
2763,f5,62,f5d6,"나이트 이동 (−2,+1)"
2764,f5,63,f5e7,"나이트 이동 (−1,+2)"
2765,f5,64,,폰 직진 승격 → 나이트
2766,f5,65,,폰 직진 승격 → 비숍
2767,f5,66,,폰 직진 승격 → 룩
2768,f5,67,,폰 대각선 우 승격 → 나이트
2769,f5,68,,폰 대각선 우 승격 → 비숍
2770,f5,69,,폰 대각선 우 승격 → 룩
2771,f5,70,,폰 대각선 좌 승격 → 나이트
2772,f5,71,,폰 대각선 좌 승격 → 비숍
2773,f5,72,,폰 대각선 좌 승격 → 룩
2774,g5,0,g5g6,북(N) 방향 거리 1
2775,g5,1,g5g7,북(N) 방향 거리 2
2776,g5,2,g5g8,북(N) 방향 거리 3
2777,g5,3,,북(N) 방향 거리 4
2778,g5,4,,북(N) 방향 거리 5
2779,g5,5,,북(N) 방향 거리 6
2780,g5,6,,북(N) 방향 거리 7
2781,g5,7,g5h5,동(E) 방향 거리 1
2782,g5,8,,동(E) 방향 거리 2
2783,g5,9,,동(E) 방향 거리 3
2784,g5,10,,동(E) 방향 거리 4
2785,g5,11,,동(E) 방향 거리 5
2786,g5,12,,동(E) 방향 거리 6
2787,g5,13,,동(E) 방향 거리 7
2788,g5,14,g5g4,남(S) 방향 거리 1
2789,g5,15,g5g3,남(S) 방향 거리 2
2790,g5,16,g5g2,남(S) 방향 거리 3
2791,g5,17,g5g1,남(S) 방향 거리 4
2792,g5,18,,남(S) 방향 거리 5
2793,g5,19,,남(S) 방향 거리 6
2794,g5,20,,남(S) 방향 거리 7
2795,g5,21,g5f5,서(W) 방향 거리 1
2796,g5,22,g5e5,서(W) 방향 거리 2
2797,g5,23,g5d5,서(W) 방향 거리 3
2798,g5,24,g5c5,서(W) 방향 거리 4
2799,g5,25,g5b5,서(W) 방향 거리 5
2800,g5,26,g5a5,서(W) 방향 거리 6
2801,g5,27,,서(W) 방향 거리 7
2802,g5,28,g5h6,북동(NE) 방향 거리 1
2803,g5,29,,북동(NE) 방향 거리 2
2804,g5,30,,북동(NE) 방향 거리 3
2805,g5,31,,북동(NE) 방향 거리 4
2806,g5,32,,북동(NE) 방향 거리 5
2807,g5,33,,북동(NE) 방향 거리 6
2808,g5,34,,북동(NE) 방향 거리 7
2809,g5,35,g5f6,북서(NW) 방향 거리 1
2810,g5,36,g5e7,북서(NW) 방향 거리 2
2811,g5,37,g5d8,북서(NW) 방향 거리 3
2812,g5,38,,북서(NW) 방향 거리 4
2813,g5,39,,북서(NW) 방향 거리 5
2814,g5,40,,북서(NW) 방향 거리 6
2815,g5,41,,북서(NW) 방향 거리 7
2816,g5,42,g5h4,남동(SE) 방향 거리 1
2817,g5,43,,남동(SE) 방향 거리 2
2818,g5,44,,남동(SE) 방향 거리 3
2819,g5,45,,남동(SE) 방향 거리 4
2820,g5,46,,남동(SE) 방향 거리 5
2821,g5,47,,남동(SE) 방향 거리 6
2822,g5,48,,남동(SE) 방향 거리 7
2823,g5,49,g5f4,남서(SW) 방향 거리 1
2824,g5,50,g5e3,남서(SW) 방향 거리 2
2825,g5,51,g5d2,남서(SW) 방향 거리 3
2826,g5,52,g5c1,남서(SW) 방향 거리 4
2827,g5,53,,남서(SW) 방향 거리 5
2828,g5,54,,남서(SW) 방향 거리 6
2829,g5,55,,남서(SW) 방향 거리 7
2830,g5,56,g5h7,"나이트 이동 (+1,+2)"
2831,g5,57,,"나이트 이동 (+2,+1)"
2832,g5,58,,"나이트 이동 (+2,−1)"
2833,g5,59,g5h3,"나이트 이동 (+1,−2)"
2834,g5,60,g5f3,"나이트 이동 (−1,−2)"
2835,g5,61,g5e4,"나이트 이동 (−2,−1)"
2836,g5,62,g5e6,"나이트 이동 (−2,+1)"
2837,g5,63,g5f7,"나이트 이동 (−1,+2)"
2838,g5,64,,폰 직진 승격 → 나이트
2839,g5,65,,폰 직진 승격 → 비숍
2840,g5,66,,폰 직진 승격 → 룩
2841,g5,67,,폰 대각선 우 승격 → 나이트
2842,g5,68,,폰 대각선 우 승격 → 비숍
2843,g5,69,,폰 대각선 우 승격 → 룩
2844,g5,70,,폰 대각선 좌 승격 → 나이트
2845,g5,71,,폰 대각선 좌 승격 → 비숍
2846,g5,72,,폰 대각선 좌 승격 → 룩
2847,h5,0,h5h6,북(N) 방향 거리 1
2848,h5,1,h5h7,북(N) 방향 거리 2
2849,h5,2,h5h8,북(N) 방향 거리 3
2850,h5,3,,북(N) 방향 거리 4
2851,h5,4,,북(N) 방향 거리 5
2852,h5,5,,북(N) 방향 거리 6
2853,h5,6,,북(N) 방향 거리 7
2854,h5,7,,동(E) 방향 거리 1
2855,h5,8,,동(E) 방향 거리 2
2856,h5,9,,동(E) 방향 거리 3
2857,h5,10,,동(E) 방향 거리 4
2858,h5,11,,동(E) 방향 거리 5
2859,h5,12,,동(E) 방향 거리 6
2860,h5,13,,동(E) 방향 거리 7
2861,h5,14,h5h4,남(S) 방향 거리 1
2862,h5,15,h5h3,남(S) 방향 거리 2
2863,h5,16,h5h2,남(S) 방향 거리 3
2864,h5,17,h5h1,남(S) 방향 거리 4
2865,h5,18,,남(S) 방향 거리 5
2866,h5,19,,남(S) 방향 거리 6
2867,h5,20,,남(S) 방향 거리 7
2868,h5,21,h5g5,서(W) 방향 거리 1
2869,h5,22,h5f5,서(W) 방향 거리 2
2870,h5,23,h5e5,서(W) 방향 거리 3
2871,h5,24,h5d5,서(W) 방향 거리 4
2872,h5,25,h5c5,서(W) 방향 거리 5
2873,h5,26,h5b5,서(W) 방향 거리 6
2874,h5,27,h5a5,서(W) 방향 거리 7
2875,h5,28,,북동(NE) 방향 거리 1
2876,h5,29,,북동(NE) 방향 거리 2
2877,h5,30,,북동(NE) 방향 거리 3
2878,h5,31,,북동(NE) 방향 거리 4
2879,h5,32,,북동(NE) 방향 거리 5
2880,h5,33,,북동(NE) 방향 거리 6
2881,h5,34,,북동(NE) 방향 거리 7
2882,h5,35,h5g6,북서(NW) 방향 거리 1
2883,h5,36,h5f7,북서(NW) 방향 거리 2
2884,h5,37,h5e8,북서(NW) 방향 거리 3
2885,h5,38,,북서(NW) 방향 거리 4
2886,h5,39,,북서(NW) 방향 거리 5
2887,h5,40,,북서(NW) 방향 거리 6
2888,h5,41,,북서(NW) 방향 거리 7
2889,h5,42,,남동(SE) 방향 거리 1
2890,h5,43,,남동(SE) 방향 거리 2
2891,h5,44,,남동(SE) 방향 거리 3
2892,h5,45,,남동(SE) 방향 거리 4
2893,h5,46,,남동(SE) 방향 거리 5
2894,h5,47,,남동(SE) 방향 거리 6
2895,h5,48,,남동(SE) 방향 거리 7
2896,h5,49,h5g4,남서(SW) 방향 거리 1
2897,h5,50,h5f3,남서(SW) 방향 거리 2
2898,h5,51,h5e2,남서(SW) 방향 거리 3
2899,h5,52,h5d1,남서(SW) 방향 거리 4
2900,h5,53,,남서(SW) 방향 거리 5
2901,h5,54,,남서(SW) 방향 거리 6
2902,h5,55,,남서(SW) 방향 거리 7
2903,h5,56,,"나이트 이동 (+1,+2)"
2904,h5,57,,"나이트 이동 (+2,+1)"
2905,h5,58,,"나이트 이동 (+2,−1)"
2906,h5,59,,"나이트 이동 (+1,−2)"
2907,h5,60,h5g3,"나이트 이동 (−1,−2)"
2908,h5,61,h5f4,"나이트 이동 (−2,−1)"
2909,h5,62,h5f6,"나이트 이동 (−2,+1)"
2910,h5,63,h5g7,"나이트 이동 (−1,+2)"
2911,h5,64,,폰 직진 승격 → 나이트
2912,h5,65,,폰 직진 승격 → 비숍
2913,h5,66,,폰 직진 승격 → 룩
2914,h5,67,,폰 대각선 우 승격 → 나이트
2915,h5,68,,폰 대각선 우 승격 → 비숍
2916,h5,69,,폰 대각선 우 승격 → 룩
2917,h5,70,,폰 대각선 좌 승격 → 나이트
2918,h5,71,,폰 대각선 좌 승격 → 비숍
2919,h5,72,,폰 대각선 좌 승격 → 룩
2920,a6,0,a6a7,북(N) 방향 거리 1
2921,a6,1,a6a8,북(N) 방향 거리 2
2922,a6,2,,북(N) 방향 거리 3
2923,a6,3,,북(N) 방향 거리 4
2924,a6,4,,북(N) 방향 거리 5
2925,a6,5,,북(N) 방향 거리 6
2926,a6,6,,북(N) 방향 거리 7
2927,a6,7,a6b6,동(E) 방향 거리 1
2928,a6,8,a6c6,동(E) 방향 거리 2
2929,a6,9,a6d6,동(E) 방향 거리 3
2930,a6,10,a6e6,동(E) 방향 거리 4
2931,a6,11,a6f6,동(E) 방향 거리 5
2932,a6,12,a6g6,동(E) 방향 거리 6
2933,a6,13,a6h6,동(E) 방향 거리 7
2934,a6,14,a6a5,남(S) 방향 거리 1
2935,a6,15,a6a4,남(S) 방향 거리 2
2936,a6,16,a6a3,남(S) 방향 거리 3
2937,a6,17,a6a2,남(S) 방향 거리 4
2938,a6,18,a6a1,남(S) 방향 거리 5
2939,a6,19,,남(S) 방향 거리 6
2940,a6,20,,남(S) 방향 거리 7
2941,a6,21,,서(W) 방향 거리 1
2942,a6,22,,서(W) 방향 거리 2
2943,a6,23,,서(W) 방향 거리 3
2944,a6,24,,서(W) 방향 거리 4
2945,a6,25,,서(W) 방향 거리 5
2946,a6,26,,서(W) 방향 거리 6
2947,a6,27,,서(W) 방향 거리 7
2948,a6,28,a6b7,북동(NE) 방향 거리 1
2949,a6,29,a6c8,북동(NE) 방향 거리 2
2950,a6,30,,북동(NE) 방향 거리 3
2951,a6,31,,북동(NE) 방향 거리 4
2952,a6,32,,북동(NE) 방향 거리 5
2953,a6,33,,북동(NE) 방향 거리 6
2954,a6,34,,북동(NE) 방향 거리 7
2955,a6,35,,북서(NW) 방향 거리 1
2956,a6,36,,북서(NW) 방향 거리 2
2957,a6,37,,북서(NW) 방향 거리 3
2958,a6,38,,북서(NW) 방향 거리 4
2959,a6,39,,북서(NW) 방향 거리 5
2960,a6,40,,북서(NW) 방향 거리 6
2961,a6,41,,북서(NW) 방향 거리 7
2962,a6,42,a6b5,남동(SE) 방향 거리 1
2963,a6,43,a6c4,남동(SE) 방향 거리 2
2964,a6,44,a6d3,남동(SE) 방향 거리 3
2965,a6,45,a6e2,남동(SE) 방향 거리 4
2966,a6,46,a6f1,남동(SE) 방향 거리 5
2967,a6,47,,남동(SE) 방향 거리 6
2968,a6,48,,남동(SE) 방향 거리 7
2969,a6,49,,남서(SW) 방향 거리 1
2970,a6,50,,남서(SW) 방향 거리 2
2971,a6,51,,남서(SW) 방향 거리 3
2972,a6,52,,남서(SW) 방향 거리 4
2973,a6,53,,남서(SW) 방향 거리 5
2974,a6,54,,남서(SW) 방향 거리 6
2975,a6,55,,남서(SW) 방향 거리 7
2976,a6,56,a6b8,"나이트 이동 (+1,+2)"
2977,a6,57,a6c7,"나이트 이동 (+2,+1)"
2978,a6,58,a6c5,"나이트 이동 (+2,−1)"
2979,a6,59,a6b4,"나이트 이동 (+1,−2)"
2980,a6,60,,"나이트 이동 (−1,−2)"
2981,a6,61,,"나이트 이동 (−2,−1)"
2982,a6,62,,"나이트 이동 (−2,+1)"
2983,a6,63,,"나이트 이동 (−1,+2)"
2984,a6,64,,폰 직진 승격 → 나이트
2985,a6,65,,폰 직진 승격 → 비숍
2986,a6,66,,폰 직진 승격 → 룩
2987,a6,67,,폰 대각선 우 승격 → 나이트
2988,a6,68,,폰 대각선 우 승격 → 비숍
2989,a6,69,,폰 대각선 우 승격 → 룩
2990,a6,70,,폰 대각선 좌 승격 → 나이트
2991,a6,71,,폰 대각선 좌 승격 → 비숍
2992,a6,72,,폰 대각선 좌 승격 → 룩
2993,b6,0,b6b7,북(N) 방향 거리 1
2994,b6,1,b6b8,북(N) 방향 거리 2
2995,b6,2,,북(N) 방향 거리 3
2996,b6,3,,북(N) 방향 거리 4
2997,b6,4,,북(N) 방향 거리 5
2998,b6,5,,북(N) 방향 거리 6
2999,b6,6,,북(N) 방향 거리 7
3000,b6,7,b6c6,동(E) 방향 거리 1
3001,b6,8,b6d6,동(E) 방향 거리 2
3002,b6,9,b6e6,동(E) 방향 거리 3
3003,b6,10,b6f6,동(E) 방향 거리 4
3004,b6,11,b6g6,동(E) 방향 거리 5
3005,b6,12,b6h6,동(E) 방향 거리 6
3006,b6,13,,동(E) 방향 거리 7
3007,b6,14,b6b5,남(S) 방향 거리 1
3008,b6,15,b6b4,남(S) 방향 거리 2
3009,b6,16,b6b3,남(S) 방향 거리 3
3010,b6,17,b6b2,남(S) 방향 거리 4
3011,b6,18,b6b1,남(S) 방향 거리 5
3012,b6,19,,남(S) 방향 거리 6
3013,b6,20,,남(S) 방향 거리 7
3014,b6,21,b6a6,서(W) 방향 거리 1
3015,b6,22,,서(W) 방향 거리 2
3016,b6,23,,서(W) 방향 거리 3
3017,b6,24,,서(W) 방향 거리 4
3018,b6,25,,서(W) 방향 거리 5
3019,b6,26,,서(W) 방향 거리 6
3020,b6,27,,서(W) 방향 거리 7
3021,b6,28,b6c7,북동(NE) 방향 거리 1
3022,b6,29,b6d8,북동(NE) 방향 거리 2
3023,b6,30,,북동(NE) 방향 거리 3
3024,b6,31,,북동(NE) 방향 거리 4
3025,b6,32,,북동(NE) 방향 거리 5
3026,b6,33,,북동(NE) 방향 거리 6
3027,b6,34,,북동(NE) 방향 거리 7
3028,b6,35,b6a7,북서(NW) 방향 거리 1
3029,b6,36,,북서(NW) 방향 거리 2
3030,b6,37,,북서(NW) 방향 거리 3
3031,b6,38,,북서(NW) 방향 거리 4
3032,b6,39,,북서(NW) 방향 거리 5
3033,b6,40,,북서(NW) 방향 거리 6
3034,b6,41,,북서(NW) 방향 거리 7
3035,b6,42,b6c5,남동(SE) 방향 거리 1
3036,b6,43,b6d4,남동(SE) 방향 거리 2
3037,b6,44,b6e3,남동(SE) 방향 거리 3
3038,b6,45,b6f2,남동(SE) 방향 거리 4
3039,b6,46,b6g1,남동(SE) 방향 거리 5
3040,b6,47,,남동(SE) 방향 거리 6
3041,b6,48,,남동(SE) 방향 거리 7
3042,b6,49,b6a5,남서(SW) 방향 거리 1
3043,b6,50,,남서(SW) 방향 거리 2
3044,b6,51,,남서(SW) 방향 거리 3
3045,b6,52,,남서(SW) 방향 거리 4
3046,b6,53,,남서(SW) 방향 거리 5
3047,b6,54,,남서(SW) 방향 거리 6
3048,b6,55,,남서(SW) 방향 거리 7
3049,b6,56,b6c8,"나이트 이동 (+1,+2)"
3050,b6,57,b6d7,"나이트 이동 (+2,+1)"
3051,b6,58,b6d5,"나이트 이동 (+2,−1)"
3052,b6,59,b6c4,"나이트 이동 (+1,−2)"
3053,b6,60,b6a4,"나이트 이동 (−1,−2)"
3054,b6,61,,"나이트 이동 (−2,−1)"
3055,b6,62,,"나이트 이동 (−2,+1)"
3056,b6,63,b6a8,"나이트 이동 (−1,+2)"
3057,b6,64,,폰 직진 승격 → 나이트
3058,b6,65,,폰 직진 승격 → 비숍
3059,b6,66,,폰 직진 승격 → 룩
3060,b6,67,,폰 대각선 우 승격 → 나이트
3061,b6,68,,폰 대각선 우 승격 → 비숍
3062,b6,69,,폰 대각선 우 승격 → 룩
3063,b6,70,,폰 대각선 좌 승격 → 나이트
3064,b6,71,,폰 대각선 좌 승격 → 비숍
3065,b6,72,,폰 대각선 좌 승격 → 룩
3066,c6,0,c6c7,북(N) 방향 거리 1
3067,c6,1,c6c8,북(N) 방향 거리 2
3068,c6,2,,북(N) 방향 거리 3
3069,c6,3,,북(N) 방향 거리 4
3070,c6,4,,북(N) 방향 거리 5
3071,c6,5,,북(N) 방향 거리 6
3072,c6,6,,북(N) 방향 거리 7
3073,c6,7,c6d6,동(E) 방향 거리 1
3074,c6,8,c6e6,동(E) 방향 거리 2
3075,c6,9,c6f6,동(E) 방향 거리 3
3076,c6,10,c6g6,동(E) 방향 거리 4
3077,c6,11,c6h6,동(E) 방향 거리 5
3078,c6,12,,동(E) 방향 거리 6
3079,c6,13,,동(E) 방향 거리 7
3080,c6,14,c6c5,남(S) 방향 거리 1
3081,c6,15,c6c4,남(S) 방향 거리 2
3082,c6,16,c6c3,남(S) 방향 거리 3
3083,c6,17,c6c2,남(S) 방향 거리 4
3084,c6,18,c6c1,남(S) 방향 거리 5
3085,c6,19,,남(S) 방향 거리 6
3086,c6,20,,남(S) 방향 거리 7
3087,c6,21,c6b6,서(W) 방향 거리 1
3088,c6,22,c6a6,서(W) 방향 거리 2
3089,c6,23,,서(W) 방향 거리 3
3090,c6,24,,서(W) 방향 거리 4
3091,c6,25,,서(W) 방향 거리 5
3092,c6,26,,서(W) 방향 거리 6
3093,c6,27,,서(W) 방향 거리 7
3094,c6,28,c6d7,북동(NE) 방향 거리 1
3095,c6,29,c6e8,북동(NE) 방향 거리 2
3096,c6,30,,북동(NE) 방향 거리 3
3097,c6,31,,북동(NE) 방향 거리 4
3098,c6,32,,북동(NE) 방향 거리 5
3099,c6,33,,북동(NE) 방향 거리 6
3100,c6,34,,북동(NE) 방향 거리 7
3101,c6,35,c6b7,북서(NW) 방향 거리 1
3102,c6,36,c6a8,북서(NW) 방향 거리 2
3103,c6,37,,북서(NW) 방향 거리 3
3104,c6,38,,북서(NW) 방향 거리 4
3105,c6,39,,북서(NW) 방향 거리 5
3106,c6,40,,북서(NW) 방향 거리 6
3107,c6,41,,북서(NW) 방향 거리 7
3108,c6,42,c6d5,남동(SE) 방향 거리 1
3109,c6,43,c6e4,남동(SE) 방향 거리 2
3110,c6,44,c6f3,남동(SE) 방향 거리 3
3111,c6,45,c6g2,남동(SE) 방향 거리 4
3112,c6,46,c6h1,남동(SE) 방향 거리 5
3113,c6,47,,남동(SE) 방향 거리 6
3114,c6,48,,남동(SE) 방향 거리 7
3115,c6,49,c6b5,남서(SW) 방향 거리 1
3116,c6,50,c6a4,남서(SW) 방향 거리 2
3117,c6,51,,남서(SW) 방향 거리 3
3118,c6,52,,남서(SW) 방향 거리 4
3119,c6,53,,남서(SW) 방향 거리 5
3120,c6,54,,남서(SW) 방향 거리 6
3121,c6,55,,남서(SW) 방향 거리 7
3122,c6,56,c6d8,"나이트 이동 (+1,+2)"
3123,c6,57,c6e7,"나이트 이동 (+2,+1)"
3124,c6,58,c6e5,"나이트 이동 (+2,−1)"
3125,c6,59,c6d4,"나이트 이동 (+1,−2)"
3126,c6,60,c6b4,"나이트 이동 (−1,−2)"
3127,c6,61,c6a5,"나이트 이동 (−2,−1)"
3128,c6,62,c6a7,"나이트 이동 (−2,+1)"
3129,c6,63,c6b8,"나이트 이동 (−1,+2)"
3130,c6,64,,폰 직진 승격 → 나이트
3131,c6,65,,폰 직진 승격 → 비숍
3132,c6,66,,폰 직진 승격 → 룩
3133,c6,67,,폰 대각선 우 승격 → 나이트
3134,c6,68,,폰 대각선 우 승격 → 비숍
3135,c6,69,,폰 대각선 우 승격 → 룩
3136,c6,70,,폰 대각선 좌 승격 → 나이트
3137,c6,71,,폰 대각선 좌 승격 → 비숍
3138,c6,72,,폰 대각선 좌 승격 → 룩
3139,d6,0,d6d7,북(N) 방향 거리 1
3140,d6,1,d6d8,북(N) 방향 거리 2
3141,d6,2,,북(N) 방향 거리 3
3142,d6,3,,북(N) 방향 거리 4
3143,d6,4,,북(N) 방향 거리 5
3144,d6,5,,북(N) 방향 거리 6
3145,d6,6,,북(N) 방향 거리 7
3146,d6,7,d6e6,동(E) 방향 거리 1
3147,d6,8,d6f6,동(E) 방향 거리 2
3148,d6,9,d6g6,동(E) 방향 거리 3
3149,d6,10,d6h6,동(E) 방향 거리 4
3150,d6,11,,동(E) 방향 거리 5
3151,d6,12,,동(E) 방향 거리 6
3152,d6,13,,동(E) 방향 거리 7
3153,d6,14,d6d5,남(S) 방향 거리 1
3154,d6,15,d6d4,남(S) 방향 거리 2
3155,d6,16,d6d3,남(S) 방향 거리 3
3156,d6,17,d6d2,남(S) 방향 거리 4
3157,d6,18,d6d1,남(S) 방향 거리 5
3158,d6,19,,남(S) 방향 거리 6
3159,d6,20,,남(S) 방향 거리 7
3160,d6,21,d6c6,서(W) 방향 거리 1
3161,d6,22,d6b6,서(W) 방향 거리 2
3162,d6,23,d6a6,서(W) 방향 거리 3
3163,d6,24,,서(W) 방향 거리 4
3164,d6,25,,서(W) 방향 거리 5
3165,d6,26,,서(W) 방향 거리 6
3166,d6,27,,서(W) 방향 거리 7
3167,d6,28,d6e7,북동(NE) 방향 거리 1
3168,d6,29,d6f8,북동(NE) 방향 거리 2
3169,d6,30,,북동(NE) 방향 거리 3
3170,d6,31,,북동(NE) 방향 거리 4
3171,d6,32,,북동(NE) 방향 거리 5
3172,d6,33,,북동(NE) 방향 거리 6
3173,d6,34,,북동(NE) 방향 거리 7
3174,d6,35,d6c7,북서(NW) 방향 거리 1
3175,d6,36,d6b8,북서(NW) 방향 거리 2
3176,d6,37,,북서(NW) 방향 거리 3
3177,d6,38,,북서(NW) 방향 거리 4
3178,d6,39,,북서(NW) 방향 거리 5
3179,d6,40,,북서(NW) 방향 거리 6
3180,d6,41,,북서(NW) 방향 거리 7
3181,d6,42,d6e5,남동(SE) 방향 거리 1
3182,d6,43,d6f4,남동(SE) 방향 거리 2
3183,d6,44,d6g3,남동(SE) 방향 거리 3
3184,d6,45,d6h2,남동(SE) 방향 거리 4
3185,d6,46,,남동(SE) 방향 거리 5
3186,d6,47,,남동(SE) 방향 거리 6
3187,d6,48,,남동(SE) 방향 거리 7
3188,d6,49,d6c5,남서(SW) 방향 거리 1
3189,d6,50,d6b4,남서(SW) 방향 거리 2
3190,d6,51,d6a3,남서(SW) 방향 거리 3
3191,d6,52,,남서(SW) 방향 거리 4
3192,d6,53,,남서(SW) 방향 거리 5
3193,d6,54,,남서(SW) 방향 거리 6
3194,d6,55,,남서(SW) 방향 거리 7
3195,d6,56,d6e8,"나이트 이동 (+1,+2)"
3196,d6,57,d6f7,"나이트 이동 (+2,+1)"
3197,d6,58,d6f5,"나이트 이동 (+2,−1)"
3198,d6,59,d6e4,"나이트 이동 (+1,−2)"
3199,d6,60,d6c4,"나이트 이동 (−1,−2)"
3200,d6,61,d6b5,"나이트 이동 (−2,−1)"
3201,d6,62,d6b7,"나이트 이동 (−2,+1)"
3202,d6,63,d6c8,"나이트 이동 (−1,+2)"
3203,d6,64,,폰 직진 승격 → 나이트
3204,d6,65,,폰 직진 승격 → 비숍
3205,d6,66,,폰 직진 승격 → 룩
3206,d6,67,,폰 대각선 우 승격 → 나이트
3207,d6,68,,폰 대각선 우 승격 → 비숍
3208,d6,69,,폰 대각선 우 승격 → 룩
3209,d6,70,,폰 대각선 좌 승격 → 나이트
3210,d6,71,,폰 대각선 좌 승격 → 비숍
3211,d6,72,,폰 대각선 좌 승격 → 룩
3212,e6,0,e6e7,북(N) 방향 거리 1
3213,e6,1,e6e8,북(N) 방향 거리 2
3214,e6,2,,북(N) 방향 거리 3
3215,e6,3,,북(N) 방향 거리 4
3216,e6,4,,북(N) 방향 거리 5
3217,e6,5,,북(N) 방향 거리 6
3218,e6,6,,북(N) 방향 거리 7
3219,e6,7,e6f6,동(E) 방향 거리 1
3220,e6,8,e6g6,동(E) 방향 거리 2
3221,e6,9,e6h6,동(E) 방향 거리 3
3222,e6,10,,동(E) 방향 거리 4
3223,e6,11,,동(E) 방향 거리 5
3224,e6,12,,동(E) 방향 거리 6
3225,e6,13,,동(E) 방향 거리 7
3226,e6,14,e6e5,남(S) 방향 거리 1
3227,e6,15,e6e4,남(S) 방향 거리 2
3228,e6,16,e6e3,남(S) 방향 거리 3
3229,e6,17,e6e2,남(S) 방향 거리 4
3230,e6,18,e6e1,남(S) 방향 거리 5
3231,e6,19,,남(S) 방향 거리 6
3232,e6,20,,남(S) 방향 거리 7
3233,e6,21,e6d6,서(W) 방향 거리 1
3234,e6,22,e6c6,서(W) 방향 거리 2
3235,e6,23,e6b6,서(W) 방향 거리 3
3236,e6,24,e6a6,서(W) 방향 거리 4
3237,e6,25,,서(W) 방향 거리 5
3238,e6,26,,서(W) 방향 거리 6
3239,e6,27,,서(W) 방향 거리 7
3240,e6,28,e6f7,북동(NE) 방향 거리 1
3241,e6,29,e6g8,북동(NE) 방향 거리 2
3242,e6,30,,북동(NE) 방향 거리 3
3243,e6,31,,북동(NE) 방향 거리 4
3244,e6,32,,북동(NE) 방향 거리 5
3245,e6,33,,북동(NE) 방향 거리 6
3246,e6,34,,북동(NE) 방향 거리 7
3247,e6,35,e6d7,북서(NW) 방향 거리 1
3248,e6,36,e6c8,북서(NW) 방향 거리 2
3249,e6,37,,북서(NW) 방향 거리 3
3250,e6,38,,북서(NW) 방향 거리 4
3251,e6,39,,북서(NW) 방향 거리 5
3252,e6,40,,북서(NW) 방향 거리 6
3253,e6,41,,북서(NW) 방향 거리 7
3254,e6,42,e6f5,남동(SE) 방향 거리 1
3255,e6,43,e6g4,남동(SE) 방향 거리 2
3256,e6,44,e6h3,남동(SE) 방향 거리 3
3257,e6,45,,남동(SE) 방향 거리 4
3258,e6,46,,남동(SE) 방향 거리 5
3259,e6,47,,남동(SE) 방향 거리 6
3260,e6,48,,남동(SE) 방향 거리 7
3261,e6,49,e6d5,남서(SW) 방향 거리 1
3262,e6,50,e6c4,남서(SW) 방향 거리 2
3263,e6,51,e6b3,남서(SW) 방향 거리 3
3264,e6,52,e6a2,남서(SW) 방향 거리 4
3265,e6,53,,남서(SW) 방향 거리 5
3266,e6,54,,남서(SW) 방향 거리 6
3267,e6,55,,남서(SW) 방향 거리 7
3268,e6,56,e6f8,"나이트 이동 (+1,+2)"
3269,e6,57,e6g7,"나이트 이동 (+2,+1)"
3270,e6,58,e6g5,"나이트 이동 (+2,−1)"
3271,e6,59,e6f4,"나이트 이동 (+1,−2)"
3272,e6,60,e6d4,"나이트 이동 (−1,−2)"
3273,e6,61,e6c5,"나이트 이동 (−2,−1)"
3274,e6,62,e6c7,"나이트 이동 (−2,+1)"
3275,e6,63,e6d8,"나이트 이동 (−1,+2)"
3276,e6,64,,폰 직진 승격 → 나이트
3277,e6,65,,폰 직진 승격 → 비숍
3278,e6,66,,폰 직진 승격 → 룩
3279,e6,67,,폰 대각선 우 승격 → 나이트
3280,e6,68,,폰 대각선 우 승격 → 비숍
3281,e6,69,,폰 대각선 우 승격 → 룩
3282,e6,70,,폰 대각선 좌 승격 → 나이트
3283,e6,71,,폰 대각선 좌 승격 → 비숍
3284,e6,72,,폰 대각선 좌 승격 → 룩
3285,f6,0,f6f7,북(N) 방향 거리 1
3286,f6,1,f6f8,북(N) 방향 거리 2
3287,f6,2,,북(N) 방향 거리 3
3288,f6,3,,북(N) 방향 거리 4
3289,f6,4,,북(N) 방향 거리 5
3290,f6,5,,북(N) 방향 거리 6
3291,f6,6,,북(N) 방향 거리 7
3292,f6,7,f6g6,동(E) 방향 거리 1
3293,f6,8,f6h6,동(E) 방향 거리 2
3294,f6,9,,동(E) 방향 거리 3
3295,f6,10,,동(E) 방향 거리 4
3296,f6,11,,동(E) 방향 거리 5
3297,f6,12,,동(E) 방향 거리 6
3298,f6,13,,동(E) 방향 거리 7
3299,f6,14,f6f5,남(S) 방향 거리 1
3300,f6,15,f6f4,남(S) 방향 거리 2
3301,f6,16,f6f3,남(S) 방향 거리 3
3302,f6,17,f6f2,남(S) 방향 거리 4
3303,f6,18,f6f1,남(S) 방향 거리 5
3304,f6,19,,남(S) 방향 거리 6
3305,f6,20,,남(S) 방향 거리 7
3306,f6,21,f6e6,서(W) 방향 거리 1
3307,f6,22,f6d6,서(W) 방향 거리 2
3308,f6,23,f6c6,서(W) 방향 거리 3
3309,f6,24,f6b6,서(W) 방향 거리 4
3310,f6,25,f6a6,서(W) 방향 거리 5
3311,f6,26,,서(W) 방향 거리 6
3312,f6,27,,서(W) 방향 거리 7
3313,f6,28,f6g7,북동(NE) 방향 거리 1
3314,f6,29,f6h8,북동(NE) 방향 거리 2
3315,f6,30,,북동(NE) 방향 거리 3
3316,f6,31,,북동(NE) 방향 거리 4
3317,f6,32,,북동(NE) 방향 거리 5
3318,f6,33,,북동(NE) 방향 거리 6
3319,f6,34,,북동(NE) 방향 거리 7
3320,f6,35,f6e7,북서(NW) 방향 거리 1
3321,f6,36,f6d8,북서(NW) 방향 거리 2
3322,f6,37,,북서(NW) 방향 거리 3
3323,f6,38,,북서(NW) 방향 거리 4
3324,f6,39,,북서(NW) 방향 거리 5
3325,f6,40,,북서(NW) 방향 거리 6
3326,f6,41,,북서(NW) 방향 거리 7
3327,f6,42,f6g5,남동(SE) 방향 거리 1
3328,f6,43,f6h4,남동(SE) 방향 거리 2
3329,f6,44,,남동(SE) 방향 거리 3
3330,f6,45,,남동(SE) 방향 거리 4
3331,f6,46,,남동(SE) 방향 거리 5
3332,f6,47,,남동(SE) 방향 거리 6
3333,f6,48,,남동(SE) 방향 거리 7
3334,f6,49,f6e5,남서(SW) 방향 거리 1
3335,f6,50,f6d4,남서(SW) 방향 거리 2
3336,f6,51,f6c3,남서(SW) 방향 거리 3
3337,f6,52,f6b2,남서(SW) 방향 거리 4
3338,f6,53,f6a1,남서(SW) 방향 거리 5
3339,f6,54,,남서(SW) 방향 거리 6
3340,f6,55,,남서(SW) 방향 거리 7
3341,f6,56,f6g8,"나이트 이동 (+1,+2)"
3342,f6,57,f6h7,"나이트 이동 (+2,+1)"
3343,f6,58,f6h5,"나이트 이동 (+2,−1)"
3344,f6,59,f6g4,"나이트 이동 (+1,−2)"
3345,f6,60,f6e4,"나이트 이동 (−1,−2)"
3346,f6,61,f6d5,"나이트 이동 (−2,−1)"
3347,f6,62,f6d7,"나이트 이동 (−2,+1)"
3348,f6,63,f6e8,"나이트 이동 (−1,+2)"
3349,f6,64,,폰 직진 승격 → 나이트
3350,f6,65,,폰 직진 승격 → 비숍
3351,f6,66,,폰 직진 승격 → 룩
3352,f6,67,,폰 대각선 우 승격 → 나이트
3353,f6,68,,폰 대각선 우 승격 → 비숍
3354,f6,69,,폰 대각선 우 승격 → 룩
3355,f6,70,,폰 대각선 좌 승격 → 나이트
3356,f6,71,,폰 대각선 좌 승격 → 비숍
3357,f6,72,,폰 대각선 좌 승격 → 룩
3358,g6,0,g6g7,북(N) 방향 거리 1
3359,g6,1,g6g8,북(N) 방향 거리 2
3360,g6,2,,북(N) 방향 거리 3
3361,g6,3,,북(N) 방향 거리 4
3362,g6,4,,북(N) 방향 거리 5
3363,g6,5,,북(N) 방향 거리 6
3364,g6,6,,북(N) 방향 거리 7
3365,g6,7,g6h6,동(E) 방향 거리 1
3366,g6,8,,동(E) 방향 거리 2
3367,g6,9,,동(E) 방향 거리 3
3368,g6,10,,동(E) 방향 거리 4
3369,g6,11,,동(E) 방향 거리 5
3370,g6,12,,동(E) 방향 거리 6
3371,g6,13,,동(E) 방향 거리 7
3372,g6,14,g6g5,남(S) 방향 거리 1
3373,g6,15,g6g4,남(S) 방향 거리 2
3374,g6,16,g6g3,남(S) 방향 거리 3
3375,g6,17,g6g2,남(S) 방향 거리 4
3376,g6,18,g6g1,남(S) 방향 거리 5
3377,g6,19,,남(S) 방향 거리 6
3378,g6,20,,남(S) 방향 거리 7
3379,g6,21,g6f6,서(W) 방향 거리 1
3380,g6,22,g6e6,서(W) 방향 거리 2
3381,g6,23,g6d6,서(W) 방향 거리 3
3382,g6,24,g6c6,서(W) 방향 거리 4
3383,g6,25,g6b6,서(W) 방향 거리 5
3384,g6,26,g6a6,서(W) 방향 거리 6
3385,g6,27,,서(W) 방향 거리 7
3386,g6,28,g6h7,북동(NE) 방향 거리 1
3387,g6,29,,북동(NE) 방향 거리 2
3388,g6,30,,북동(NE) 방향 거리 3
3389,g6,31,,북동(NE) 방향 거리 4
3390,g6,32,,북동(NE) 방향 거리 5
3391,g6,33,,북동(NE) 방향 거리 6
3392,g6,34,,북동(NE) 방향 거리 7
3393,g6,35,g6f7,북서(NW) 방향 거리 1
3394,g6,36,g6e8,북서(NW) 방향 거리 2
3395,g6,37,,북서(NW) 방향 거리 3
3396,g6,38,,북서(NW) 방향 거리 4
3397,g6,39,,북서(NW) 방향 거리 5
3398,g6,40,,북서(NW) 방향 거리 6
3399,g6,41,,북서(NW) 방향 거리 7
3400,g6,42,g6h5,남동(SE) 방향 거리 1
3401,g6,43,,남동(SE) 방향 거리 2
3402,g6,44,,남동(SE) 방향 거리 3
3403,g6,45,,남동(SE) 방향 거리 4
3404,g6,46,,남동(SE) 방향 거리 5
3405,g6,47,,남동(SE) 방향 거리 6
3406,g6,48,,남동(SE) 방향 거리 7
3407,g6,49,g6f5,남서(SW) 방향 거리 1
3408,g6,50,g6e4,남서(SW) 방향 거리 2
3409,g6,51,g6d3,남서(SW) 방향 거리 3
3410,g6,52,g6c2,남서(SW) 방향 거리 4
3411,g6,53,g6b1,남서(SW) 방향 거리 5
3412,g6,54,,남서(SW) 방향 거리 6
3413,g6,55,,남서(SW) 방향 거리 7
3414,g6,56,g6h8,"나이트 이동 (+1,+2)"
3415,g6,57,,"나이트 이동 (+2,+1)"
3416,g6,58,,"나이트 이동 (+2,−1)"
3417,g6,59,g6h4,"나이트 이동 (+1,−2)"
3418,g6,60,g6f4,"나이트 이동 (−1,−2)"
3419,g6,61,g6e5,"나이트 이동 (−2,−1)"
3420,g6,62,g6e7,"나이트 이동 (−2,+1)"
3421,g6,63,g6f8,"나이트 이동 (−1,+2)"
3422,g6,64,,폰 직진 승격 → 나이트
3423,g6,65,,폰 직진 승격 → 비숍
3424,g6,66,,폰 직진 승격 → 룩
3425,g6,67,,폰 대각선 우 승격 → 나이트
3426,g6,68,,폰 대각선 우 승격 → 비숍
3427,g6,69,,폰 대각선 우 승격 → 룩
3428,g6,70,,폰 대각선 좌 승격 → 나이트
3429,g6,71,,폰 대각선 좌 승격 → 비숍
3430,g6,72,,폰 대각선 좌 승격 → 룩
3431,h6,0,h6h7,북(N) 방향 거리 1
3432,h6,1,h6h8,북(N) 방향 거리 2
3433,h6,2,,북(N) 방향 거리 3
3434,h6,3,,북(N) 방향 거리 4
3435,h6,4,,북(N) 방향 거리 5
3436,h6,5,,북(N) 방향 거리 6
3437,h6,6,,북(N) 방향 거리 7
3438,h6,7,,동(E) 방향 거리 1
3439,h6,8,,동(E) 방향 거리 2
3440,h6,9,,동(E) 방향 거리 3
3441,h6,10,,동(E) 방향 거리 4
3442,h6,11,,동(E) 방향 거리 5
3443,h6,12,,동(E) 방향 거리 6
3444,h6,13,,동(E) 방향 거리 7
3445,h6,14,h6h5,남(S) 방향 거리 1
3446,h6,15,h6h4,남(S) 방향 거리 2
3447,h6,16,h6h3,남(S) 방향 거리 3
3448,h6,17,h6h2,남(S) 방향 거리 4
3449,h6,18,h6h1,남(S) 방향 거리 5
3450,h6,19,,남(S) 방향 거리 6
3451,h6,20,,남(S) 방향 거리 7
3452,h6,21,h6g6,서(W) 방향 거리 1
3453,h6,22,h6f6,서(W) 방향 거리 2
3454,h6,23,h6e6,서(W) 방향 거리 3
3455,h6,24,h6d6,서(W) 방향 거리 4
3456,h6,25,h6c6,서(W) 방향 거리 5
3457,h6,26,h6b6,서(W) 방향 거리 6
3458,h6,27,h6a6,서(W) 방향 거리 7
3459,h6,28,,북동(NE) 방향 거리 1
3460,h6,29,,북동(NE) 방향 거리 2
3461,h6,30,,북동(NE) 방향 거리 3
3462,h6,31,,북동(NE) 방향 거리 4
3463,h6,32,,북동(NE) 방향 거리 5
3464,h6,33,,북동(NE) 방향 거리 6
3465,h6,34,,북동(NE) 방향 거리 7
3466,h6,35,h6g7,북서(NW) 방향 거리 1
3467,h6,36,h6f8,북서(NW) 방향 거리 2
3468,h6,37,,북서(NW) 방향 거리 3
3469,h6,38,,북서(NW) 방향 거리 4
3470,h6,39,,북서(NW) 방향 거리 5
3471,h6,40,,북서(NW) 방향 거리 6
3472,h6,41,,북서(NW) 방향 거리 7
3473,h6,42,,남동(SE) 방향 거리 1
3474,h6,43,,남동(SE) 방향 거리 2
3475,h6,44,,남동(SE) 방향 거리 3
3476,h6,45,,남동(SE) 방향 거리 4
3477,h6,46,,남동(SE) 방향 거리 5
3478,h6,47,,남동(SE) 방향 거리 6
3479,h6,48,,남동(SE) 방향 거리 7
3480,h6,49,h6g5,남서(SW) 방향 거리 1
3481,h6,50,h6f4,남서(SW) 방향 거리 2
3482,h6,51,h6e3,남서(SW) 방향 거리 3
3483,h6,52,h6d2,남서(SW) 방향 거리 4
3484,h6,53,h6c1,남서(SW) 방향 거리 5
3485,h6,54,,남서(SW) 방향 거리 6
3486,h6,55,,남서(SW) 방향 거리 7
3487,h6,56,,"나이트 이동 (+1,+2)"
3488,h6,57,,"나이트 이동 (+2,+1)"
3489,h6,58,,"나이트 이동 (+2,−1)"
3490,h6,59,,"나이트 이동 (+1,−2)"
3491,h6,60,h6g4,"나이트 이동 (−1,−2)"
3492,h6,61,h6f5,"나이트 이동 (−2,−1)"
3493,h6,62,h6f7,"나이트 이동 (−2,+1)"
3494,h6,63,h6g8,"나이트 이동 (−1,+2)"
3495,h6,64,,폰 직진 승격 → 나이트
3496,h6,65,,폰 직진 승격 → 비숍
3497,h6,66,,폰 직진 승격 → 룩
3498,h6,67,,폰 대각선 우 승격 → 나이트
3499,h6,68,,폰 대각선 우 승격 → 비숍
3500,h6,69,,폰 대각선 우 승격 → 룩
3501,h6,70,,폰 대각선 좌 승격 → 나이트
3502,h6,71,,폰 대각선 좌 승격 → 비숍
3503,h6,72,,폰 대각선 좌 승격 → 룩
3504,a7,0,a7a8,북(N) 방향 거리 1
3505,a7,1,,북(N) 방향 거리 2
3506,a7,2,,북(N) 방향 거리 3
3507,a7,3,,북(N) 방향 거리 4
3508,a7,4,,북(N) 방향 거리 5
3509,a7,5,,북(N) 방향 거리 6
3510,a7,6,,북(N) 방향 거리 7
3511,a7,7,a7b7,동(E) 방향 거리 1
3512,a7,8,a7c7,동(E) 방향 거리 2
3513,a7,9,a7d7,동(E) 방향 거리 3
3514,a7,10,a7e7,동(E) 방향 거리 4
3515,a7,11,a7f7,동(E) 방향 거리 5
3516,a7,12,a7g7,동(E) 방향 거리 6
3517,a7,13,a7h7,동(E) 방향 거리 7
3518,a7,14,a7a6,남(S) 방향 거리 1
3519,a7,15,a7a5,남(S) 방향 거리 2
3520,a7,16,a7a4,남(S) 방향 거리 3
3521,a7,17,a7a3,남(S) 방향 거리 4
3522,a7,18,a7a2,남(S) 방향 거리 5
3523,a7,19,a7a1,남(S) 방향 거리 6
3524,a7,20,,남(S) 방향 거리 7
3525,a7,21,,서(W) 방향 거리 1
3526,a7,22,,서(W) 방향 거리 2
3527,a7,23,,서(W) 방향 거리 3
3528,a7,24,,서(W) 방향 거리 4
3529,a7,25,,서(W) 방향 거리 5
3530,a7,26,,서(W) 방향 거리 6
3531,a7,27,,서(W) 방향 거리 7
3532,a7,28,a7b8,북동(NE) 방향 거리 1
3533,a7,29,,북동(NE) 방향 거리 2
3534,a7,30,,북동(NE) 방향 거리 3
3535,a7,31,,북동(NE) 방향 거리 4
3536,a7,32,,북동(NE) 방향 거리 5
3537,a7,33,,북동(NE) 방향 거리 6
3538,a7,34,,북동(NE) 방향 거리 7
3539,a7,35,,북서(NW) 방향 거리 1
3540,a7,36,,북서(NW) 방향 거리 2
3541,a7,37,,북서(NW) 방향 거리 3
3542,a7,38,,북서(NW) 방향 거리 4
3543,a7,39,,북서(NW) 방향 거리 5
3544,a7,40,,북서(NW) 방향 거리 6
3545,a7,41,,북서(NW) 방향 거리 7
3546,a7,42,a7b6,남동(SE) 방향 거리 1
3547,a7,43,a7c5,남동(SE) 방향 거리 2
3548,a7,44,a7d4,남동(SE) 방향 거리 3
3549,a7,45,a7e3,남동(SE) 방향 거리 4
3550,a7,46,a7f2,남동(SE) 방향 거리 5
3551,a7,47,a7g1,남동(SE) 방향 거리 6
3552,a7,48,,남동(SE) 방향 거리 7
3553,a7,49,,남서(SW) 방향 거리 1
3554,a7,50,,남서(SW) 방향 거리 2
3555,a7,51,,남서(SW) 방향 거리 3
3556,a7,52,,남서(SW) 방향 거리 4
3557,a7,53,,남서(SW) 방향 거리 5
3558,a7,54,,남서(SW) 방향 거리 6
3559,a7,55,,남서(SW) 방향 거리 7
3560,a7,56,,"나이트 이동 (+1,+2)"
3561,a7,57,a7c8,"나이트 이동 (+2,+1)"
3562,a7,58,a7c6,"나이트 이동 (+2,−1)"
3563,a7,59,a7b5,"나이트 이동 (+1,−2)"
3564,a7,60,,"나이트 이동 (−1,−2)"
3565,a7,61,,"나이트 이동 (−2,−1)"
3566,a7,62,,"나이트 이동 (−2,+1)"
3567,a7,63,,"나이트 이동 (−1,+2)"
3568,a7,64,a7a8=N,폰 직진 승격 → 나이트
3569,a7,65,a7a8=B,폰 직진 승격 → 비숍
3570,a7,66,a7a8=R,폰 직진 승격 → 룩
3571,a7,67,a7b8=N,폰 대각선 우 승격 → 나이트
3572,a7,68,a7b8=B,폰 대각선 우 승격 → 비숍
3573,a7,69,a7b8=R,폰 대각선 우 승격 → 룩
3574,a7,70,,폰 대각선 좌 승격 → 나이트
3575,a7,71,,폰 대각선 좌 승격 → 비숍
3576,a7,72,,폰 대각선 좌 승격 → 룩
3577,b7,0,b7b8,북(N) 방향 거리 1
3578,b7,1,,북(N) 방향 거리 2
3579,b7,2,,북(N) 방향 거리 3
3580,b7,3,,북(N) 방향 거리 4
3581,b7,4,,북(N) 방향 거리 5
3582,b7,5,,북(N) 방향 거리 6
3583,b7,6,,북(N) 방향 거리 7
3584,b7,7,b7c7,동(E) 방향 거리 1
3585,b7,8,b7d7,동(E) 방향 거리 2
3586,b7,9,b7e7,동(E) 방향 거리 3
3587,b7,10,b7f7,동(E) 방향 거리 4
3588,b7,11,b7g7,동(E) 방향 거리 5
3589,b7,12,b7h7,동(E) 방향 거리 6
3590,b7,13,,동(E) 방향 거리 7
3591,b7,14,b7b6,남(S) 방향 거리 1
3592,b7,15,b7b5,남(S) 방향 거리 2
3593,b7,16,b7b4,남(S) 방향 거리 3
3594,b7,17,b7b3,남(S) 방향 거리 4
3595,b7,18,b7b2,남(S) 방향 거리 5
3596,b7,19,b7b1,남(S) 방향 거리 6
3597,b7,20,,남(S) 방향 거리 7
3598,b7,21,b7a7,서(W) 방향 거리 1
3599,b7,22,,서(W) 방향 거리 2
3600,b7,23,,서(W) 방향 거리 3
3601,b7,24,,서(W) 방향 거리 4
3602,b7,25,,서(W) 방향 거리 5
3603,b7,26,,서(W) 방향 거리 6
3604,b7,27,,서(W) 방향 거리 7
3605,b7,28,b7c8,북동(NE) 방향 거리 1
3606,b7,29,,북동(NE) 방향 거리 2
3607,b7,30,,북동(NE) 방향 거리 3
3608,b7,31,,북동(NE) 방향 거리 4
3609,b7,32,,북동(NE) 방향 거리 5
3610,b7,33,,북동(NE) 방향 거리 6
3611,b7,34,,북동(NE) 방향 거리 7
3612,b7,35,b7a8,북서(NW) 방향 거리 1
3613,b7,36,,북서(NW) 방향 거리 2
3614,b7,37,,북서(NW) 방향 거리 3
3615,b7,38,,북서(NW) 방향 거리 4
3616,b7,39,,북서(NW) 방향 거리 5
3617,b7,40,,북서(NW) 방향 거리 6
3618,b7,41,,북서(NW) 방향 거리 7
3619,b7,42,b7c6,남동(SE) 방향 거리 1
3620,b7,43,b7d5,남동(SE) 방향 거리 2
3621,b7,44,b7e4,남동(SE) 방향 거리 3
3622,b7,45,b7f3,남동(SE) 방향 거리 4
3623,b7,46,b7g2,남동(SE) 방향 거리 5
3624,b7,47,b7h1,남동(SE) 방향 거리 6
3625,b7,48,,남동(SE) 방향 거리 7
3626,b7,49,b7a6,남서(SW) 방향 거리 1
3627,b7,50,,남서(SW) 방향 거리 2
3628,b7,51,,남서(SW) 방향 거리 3
3629,b7,52,,남서(SW) 방향 거리 4
3630,b7,53,,남서(SW) 방향 거리 5
3631,b7,54,,남서(SW) 방향 거리 6
3632,b7,55,,남서(SW) 방향 거리 7
3633,b7,56,,"나이트 이동 (+1,+2)"
3634,b7,57,b7d8,"나이트 이동 (+2,+1)"
3635,b7,58,b7d6,"나이트 이동 (+2,−1)"
3636,b7,59,b7c5,"나이트 이동 (+1,−2)"
3637,b7,60,b7a5,"나이트 이동 (−1,−2)"
3638,b7,61,,"나이트 이동 (−2,−1)"
3639,b7,62,,"나이트 이동 (−2,+1)"
3640,b7,63,,"나이트 이동 (−1,+2)"
3641,b7,64,b7b8=N,폰 직진 승격 → 나이트
3642,b7,65,b7b8=B,폰 직진 승격 → 비숍
3643,b7,66,b7b8=R,폰 직진 승격 → 룩
3644,b7,67,b7c8=N,폰 대각선 우 승격 → 나이트
3645,b7,68,b7c8=B,폰 대각선 우 승격 → 비숍
3646,b7,69,b7c8=R,폰 대각선 우 승격 → 룩
3647,b7,70,b7a8=N,폰 대각선 좌 승격 → 나이트
3648,b7,71,b7a8=B,폰 대각선 좌 승격 → 비숍
3649,b7,72,b7a8=R,폰 대각선 좌 승격 → 룩
3650,c7,0,c7c8,북(N) 방향 거리 1
3651,c7,1,,북(N) 방향 거리 2
3652,c7,2,,북(N) 방향 거리 3
3653,c7,3,,북(N) 방향 거리 4
3654,c7,4,,북(N) 방향 거리 5
3655,c7,5,,북(N) 방향 거리 6
3656,c7,6,,북(N) 방향 거리 7
3657,c7,7,c7d7,동(E) 방향 거리 1
3658,c7,8,c7e7,동(E) 방향 거리 2
3659,c7,9,c7f7,동(E) 방향 거리 3
3660,c7,10,c7g7,동(E) 방향 거리 4
3661,c7,11,c7h7,동(E) 방향 거리 5
3662,c7,12,,동(E) 방향 거리 6
3663,c7,13,,동(E) 방향 거리 7
3664,c7,14,c7c6,남(S) 방향 거리 1
3665,c7,15,c7c5,남(S) 방향 거리 2
3666,c7,16,c7c4,남(S) 방향 거리 3
3667,c7,17,c7c3,남(S) 방향 거리 4
3668,c7,18,c7c2,남(S) 방향 거리 5
3669,c7,19,c7c1,남(S) 방향 거리 6
3670,c7,20,,남(S) 방향 거리 7
3671,c7,21,c7b7,서(W) 방향 거리 1
3672,c7,22,c7a7,서(W) 방향 거리 2
3673,c7,23,,서(W) 방향 거리 3
3674,c7,24,,서(W) 방향 거리 4
3675,c7,25,,서(W) 방향 거리 5
3676,c7,26,,서(W) 방향 거리 6
3677,c7,27,,서(W) 방향 거리 7
3678,c7,28,c7d8,북동(NE) 방향 거리 1
3679,c7,29,,북동(NE) 방향 거리 2
3680,c7,30,,북동(NE) 방향 거리 3
3681,c7,31,,북동(NE) 방향 거리 4
3682,c7,32,,북동(NE) 방향 거리 5
3683,c7,33,,북동(NE) 방향 거리 6
3684,c7,34,,북동(NE) 방향 거리 7
3685,c7,35,c7b8,북서(NW) 방향 거리 1
3686,c7,36,,북서(NW) 방향 거리 2
3687,c7,37,,북서(NW) 방향 거리 3
3688,c7,38,,북서(NW) 방향 거리 4
3689,c7,39,,북서(NW) 방향 거리 5
3690,c7,40,,북서(NW) 방향 거리 6
3691,c7,41,,북서(NW) 방향 거리 7
3692,c7,42,c7d6,남동(SE) 방향 거리 1
3693,c7,43,c7e5,남동(SE) 방향 거리 2
3694,c7,44,c7f4,남동(SE) 방향 거리 3
3695,c7,45,c7g3,남동(SE) 방향 거리 4
3696,c7,46,c7h2,남동(SE) 방향 거리 5
3697,c7,47,,남동(SE) 방향 거리 6
3698,c7,48,,남동(SE) 방향 거리 7
3699,c7,49,c7b6,남서(SW) 방향 거리 1
3700,c7,50,c7a5,남서(SW) 방향 거리 2
3701,c7,51,,남서(SW) 방향 거리 3
3702,c7,52,,남서(SW) 방향 거리 4
3703,c7,53,,남서(SW) 방향 거리 5
3704,c7,54,,남서(SW) 방향 거리 6
3705,c7,55,,남서(SW) 방향 거리 7
3706,c7,56,,"나이트 이동 (+1,+2)"
3707,c7,57,c7e8,"나이트 이동 (+2,+1)"
3708,c7,58,c7e6,"나이트 이동 (+2,−1)"
3709,c7,59,c7d5,"나이트 이동 (+1,−2)"
3710,c7,60,c7b5,"나이트 이동 (−1,−2)"
3711,c7,61,c7a6,"나이트 이동 (−2,−1)"
3712,c7,62,c7a8,"나이트 이동 (−2,+1)"
3713,c7,63,,"나이트 이동 (−1,+2)"
3714,c7,64,c7c8=N,폰 직진 승격 → 나이트
3715,c7,65,c7c8=B,폰 직진 승격 → 비숍
3716,c7,66,c7c8=R,폰 직진 승격 → 룩
3717,c7,67,c7d8=N,폰 대각선 우 승격 → 나이트
3718,c7,68,c7d8=B,폰 대각선 우 승격 → 비숍
3719,c7,69,c7d8=R,폰 대각선 우 승격 → 룩
3720,c7,70,c7b8=N,폰 대각선 좌 승격 → 나이트
3721,c7,71,c7b8=B,폰 대각선 좌 승격 → 비숍
3722,c7,72,c7b8=R,폰 대각선 좌 승격 → 룩
3723,d7,0,d7d8,북(N) 방향 거리 1
3724,d7,1,,북(N) 방향 거리 2
3725,d7,2,,북(N) 방향 거리 3
3726,d7,3,,북(N) 방향 거리 4
3727,d7,4,,북(N) 방향 거리 5
3728,d7,5,,북(N) 방향 거리 6
3729,d7,6,,북(N) 방향 거리 7
3730,d7,7,d7e7,동(E) 방향 거리 1
3731,d7,8,d7f7,동(E) 방향 거리 2
3732,d7,9,d7g7,동(E) 방향 거리 3
3733,d7,10,d7h7,동(E) 방향 거리 4
3734,d7,11,,동(E) 방향 거리 5
3735,d7,12,,동(E) 방향 거리 6
3736,d7,13,,동(E) 방향 거리 7
3737,d7,14,d7d6,남(S) 방향 거리 1
3738,d7,15,d7d5,남(S) 방향 거리 2
3739,d7,16,d7d4,남(S) 방향 거리 3
3740,d7,17,d7d3,남(S) 방향 거리 4
3741,d7,18,d7d2,남(S) 방향 거리 5
3742,d7,19,d7d1,남(S) 방향 거리 6
3743,d7,20,,남(S) 방향 거리 7
3744,d7,21,d7c7,서(W) 방향 거리 1
3745,d7,22,d7b7,서(W) 방향 거리 2
3746,d7,23,d7a7,서(W) 방향 거리 3
3747,d7,24,,서(W) 방향 거리 4
3748,d7,25,,서(W) 방향 거리 5
3749,d7,26,,서(W) 방향 거리 6
3750,d7,27,,서(W) 방향 거리 7
3751,d7,28,d7e8,북동(NE) 방향 거리 1
3752,d7,29,,북동(NE) 방향 거리 2
3753,d7,30,,북동(NE) 방향 거리 3
3754,d7,31,,북동(NE) 방향 거리 4
3755,d7,32,,북동(NE) 방향 거리 5
3756,d7,33,,북동(NE) 방향 거리 6
3757,d7,34,,북동(NE) 방향 거리 7
3758,d7,35,d7c8,북서(NW) 방향 거리 1
3759,d7,36,,북서(NW) 방향 거리 2
3760,d7,37,,북서(NW) 방향 거리 3
3761,d7,38,,북서(NW) 방향 거리 4
3762,d7,39,,북서(NW) 방향 거리 5
3763,d7,40,,북서(NW) 방향 거리 6
3764,d7,41,,북서(NW) 방향 거리 7
3765,d7,42,d7e6,남동(SE) 방향 거리 1
3766,d7,43,d7f5,남동(SE) 방향 거리 2
3767,d7,44,d7g4,남동(SE) 방향 거리 3
3768,d7,45,d7h3,남동(SE) 방향 거리 4
3769,d7,46,,남동(SE) 방향 거리 5
3770,d7,47,,남동(SE) 방향 거리 6
3771,d7,48,,남동(SE) 방향 거리 7
3772,d7,49,d7c6,남서(SW) 방향 거리 1
3773,d7,50,d7b5,남서(SW) 방향 거리 2
3774,d7,51,d7a4,남서(SW) 방향 거리 3
3775,d7,52,,남서(SW) 방향 거리 4
3776,d7,53,,남서(SW) 방향 거리 5
3777,d7,54,,남서(SW) 방향 거리 6
3778,d7,55,,남서(SW) 방향 거리 7
3779,d7,56,,"나이트 이동 (+1,+2)"
3780,d7,57,d7f8,"나이트 이동 (+2,+1)"
3781,d7,58,d7f6,"나이트 이동 (+2,−1)"
3782,d7,59,d7e5,"나이트 이동 (+1,−2)"
3783,d7,60,d7c5,"나이트 이동 (−1,−2)"
3784,d7,61,d7b6,"나이트 이동 (−2,−1)"
3785,d7,62,d7b8,"나이트 이동 (−2,+1)"
3786,d7,63,,"나이트 이동 (−1,+2)"
3787,d7,64,d7d8=N,폰 직진 승격 → 나이트
3788,d7,65,d7d8=B,폰 직진 승격 → 비숍
3789,d7,66,d7d8=R,폰 직진 승격 → 룩
3790,d7,67,d7e8=N,폰 대각선 우 승격 → 나이트
3791,d7,68,d7e8=B,폰 대각선 우 승격 → 비숍
3792,d7,69,d7e8=R,폰 대각선 우 승격 → 룩
3793,d7,70,d7c8=N,폰 대각선 좌 승격 → 나이트
3794,d7,71,d7c8=B,폰 대각선 좌 승격 → 비숍
3795,d7,72,d7c8=R,폰 대각선 좌 승격 → 룩
3796,e7,0,e7e8,북(N) 방향 거리 1
3797,e7,1,,북(N) 방향 거리 2
3798,e7,2,,북(N) 방향 거리 3
3799,e7,3,,북(N) 방향 거리 4
3800,e7,4,,북(N) 방향 거리 5
3801,e7,5,,북(N) 방향 거리 6
3802,e7,6,,북(N) 방향 거리 7
3803,e7,7,e7f7,동(E) 방향 거리 1
3804,e7,8,e7g7,동(E) 방향 거리 2
3805,e7,9,e7h7,동(E) 방향 거리 3
3806,e7,10,,동(E) 방향 거리 4
3807,e7,11,,동(E) 방향 거리 5
3808,e7,12,,동(E) 방향 거리 6
3809,e7,13,,동(E) 방향 거리 7
3810,e7,14,e7e6,남(S) 방향 거리 1
3811,e7,15,e7e5,남(S) 방향 거리 2
3812,e7,16,e7e4,남(S) 방향 거리 3
3813,e7,17,e7e3,남(S) 방향 거리 4
3814,e7,18,e7e2,남(S) 방향 거리 5
3815,e7,19,e7e1,남(S) 방향 거리 6
3816,e7,20,,남(S) 방향 거리 7
3817,e7,21,e7d7,서(W) 방향 거리 1
3818,e7,22,e7c7,서(W) 방향 거리 2
3819,e7,23,e7b7,서(W) 방향 거리 3
3820,e7,24,e7a7,서(W) 방향 거리 4
3821,e7,25,,서(W) 방향 거리 5
3822,e7,26,,서(W) 방향 거리 6
3823,e7,27,,서(W) 방향 거리 7
3824,e7,28,e7f8,북동(NE) 방향 거리 1
3825,e7,29,,북동(NE) 방향 거리 2
3826,e7,30,,북동(NE) 방향 거리 3
3827,e7,31,,북동(NE) 방향 거리 4
3828,e7,32,,북동(NE) 방향 거리 5
3829,e7,33,,북동(NE) 방향 거리 6
3830,e7,34,,북동(NE) 방향 거리 7
3831,e7,35,e7d8,북서(NW) 방향 거리 1
3832,e7,36,,북서(NW) 방향 거리 2
3833,e7,37,,북서(NW) 방향 거리 3
3834,e7,38,,북서(NW) 방향 거리 4
3835,e7,39,,북서(NW) 방향 거리 5
3836,e7,40,,북서(NW) 방향 거리 6
3837,e7,41,,북서(NW) 방향 거리 7
3838,e7,42,e7f6,남동(SE) 방향 거리 1
3839,e7,43,e7g5,남동(SE) 방향 거리 2
3840,e7,44,e7h4,남동(SE) 방향 거리 3
3841,e7,45,,남동(SE) 방향 거리 4
3842,e7,46,,남동(SE) 방향 거리 5
3843,e7,47,,남동(SE) 방향 거리 6
3844,e7,48,,남동(SE) 방향 거리 7
3845,e7,49,e7d6,남서(SW) 방향 거리 1
3846,e7,50,e7c5,남서(SW) 방향 거리 2
3847,e7,51,e7b4,남서(SW) 방향 거리 3
3848,e7,52,e7a3,남서(SW) 방향 거리 4
3849,e7,53,,남서(SW) 방향 거리 5
3850,e7,54,,남서(SW) 방향 거리 6
3851,e7,55,,남서(SW) 방향 거리 7
3852,e7,56,,"나이트 이동 (+1,+2)"
3853,e7,57,e7g8,"나이트 이동 (+2,+1)"
3854,e7,58,e7g6,"나이트 이동 (+2,−1)"
3855,e7,59,e7f5,"나이트 이동 (+1,−2)"
3856,e7,60,e7d5,"나이트 이동 (−1,−2)"
3857,e7,61,e7c6,"나이트 이동 (−2,−1)"
3858,e7,62,e7c8,"나이트 이동 (−2,+1)"
3859,e7,63,,"나이트 이동 (−1,+2)"
3860,e7,64,e7e8=N,폰 직진 승격 → 나이트
3861,e7,65,e7e8=B,폰 직진 승격 → 비숍
3862,e7,66,e7e8=R,폰 직진 승격 → 룩
3863,e7,67,e7f8=N,폰 대각선 우 승격 → 나이트
3864,e7,68,e7f8=B,폰 대각선 우 승격 → 비숍
3865,e7,69,e7f8=R,폰 대각선 우 승격 → 룩
3866,e7,70,e7d8=N,폰 대각선 좌 승격 → 나이트
3867,e7,71,e7d8=B,폰 대각선 좌 승격 → 비숍
3868,e7,72,e7d8=R,폰 대각선 좌 승격 → 룩
3869,f7,0,f7f8,북(N) 방향 거리 1
3870,f7,1,,북(N) 방향 거리 2
3871,f7,2,,북(N) 방향 거리 3
3872,f7,3,,북(N) 방향 거리 4
3873,f7,4,,북(N) 방향 거리 5
3874,f7,5,,북(N) 방향 거리 6
3875,f7,6,,북(N) 방향 거리 7
3876,f7,7,f7g7,동(E) 방향 거리 1
3877,f7,8,f7h7,동(E) 방향 거리 2
3878,f7,9,,동(E) 방향 거리 3
3879,f7,10,,동(E) 방향 거리 4
3880,f7,11,,동(E) 방향 거리 5
3881,f7,12,,동(E) 방향 거리 6
3882,f7,13,,동(E) 방향 거리 7
3883,f7,14,f7f6,남(S) 방향 거리 1
3884,f7,15,f7f5,남(S) 방향 거리 2
3885,f7,16,f7f4,남(S) 방향 거리 3
3886,f7,17,f7f3,남(S) 방향 거리 4
3887,f7,18,f7f2,남(S) 방향 거리 5
3888,f7,19,f7f1,남(S) 방향 거리 6
3889,f7,20,,남(S) 방향 거리 7
3890,f7,21,f7e7,서(W) 방향 거리 1
3891,f7,22,f7d7,서(W) 방향 거리 2
3892,f7,23,f7c7,서(W) 방향 거리 3
3893,f7,24,f7b7,서(W) 방향 거리 4
3894,f7,25,f7a7,서(W) 방향 거리 5
3895,f7,26,,서(W) 방향 거리 6
3896,f7,27,,서(W) 방향 거리 7
3897,f7,28,f7g8,북동(NE) 방향 거리 1
3898,f7,29,,북동(NE) 방향 거리 2
3899,f7,30,,북동(NE) 방향 거리 3
3900,f7,31,,북동(NE) 방향 거리 4
3901,f7,32,,북동(NE) 방향 거리 5
3902,f7,33,,북동(NE) 방향 거리 6
3903,f7,34,,북동(NE) 방향 거리 7
3904,f7,35,f7e8,북서(NW) 방향 거리 1
3905,f7,36,,북서(NW) 방향 거리 2
3906,f7,37,,북서(NW) 방향 거리 3
3907,f7,38,,북서(NW) 방향 거리 4
3908,f7,39,,북서(NW) 방향 거리 5
3909,f7,40,,북서(NW) 방향 거리 6
3910,f7,41,,북서(NW) 방향 거리 7
3911,f7,42,f7g6,남동(SE) 방향 거리 1
3912,f7,43,f7h5,남동(SE) 방향 거리 2
3913,f7,44,,남동(SE) 방향 거리 3
3914,f7,45,,남동(SE) 방향 거리 4
3915,f7,46,,남동(SE) 방향 거리 5
3916,f7,47,,남동(SE) 방향 거리 6
3917,f7,48,,남동(SE) 방향 거리 7
3918,f7,49,f7e6,남서(SW) 방향 거리 1
3919,f7,50,f7d5,남서(SW) 방향 거리 2
3920,f7,51,f7c4,남서(SW) 방향 거리 3
3921,f7,52,f7b3,남서(SW) 방향 거리 4
3922,f7,53,f7a2,남서(SW) 방향 거리 5
3923,f7,54,,남서(SW) 방향 거리 6
3924,f7,55,,남서(SW) 방향 거리 7
3925,f7,56,,"나이트 이동 (+1,+2)"
3926,f7,57,f7h8,"나이트 이동 (+2,+1)"
3927,f7,58,f7h6,"나이트 이동 (+2,−1)"
3928,f7,59,f7g5,"나이트 이동 (+1,−2)"
3929,f7,60,f7e5,"나이트 이동 (−1,−2)"
3930,f7,61,f7d6,"나이트 이동 (−2,−1)"
3931,f7,62,f7d8,"나이트 이동 (−2,+1)"
3932,f7,63,,"나이트 이동 (−1,+2)"
3933,f7,64,f7f8=N,폰 직진 승격 → 나이트
3934,f7,65,f7f8=B,폰 직진 승격 → 비숍
3935,f7,66,f7f8=R,폰 직진 승격 → 룩
3936,f7,67,f7g8=N,폰 대각선 우 승격 → 나이트
3937,f7,68,f7g8=B,폰 대각선 우 승격 → 비숍
3938,f7,69,f7g8=R,폰 대각선 우 승격 → 룩
3939,f7,70,f7e8=N,폰 대각선 좌 승격 → 나이트
3940,f7,71,f7e8=B,폰 대각선 좌 승격 → 비숍
3941,f7,72,f7e8=R,폰 대각선 좌 승격 → 룩
3942,g7,0,g7g8,북(N) 방향 거리 1
3943,g7,1,,북(N) 방향 거리 2
3944,g7,2,,북(N) 방향 거리 3
3945,g7,3,,북(N) 방향 거리 4
3946,g7,4,,북(N) 방향 거리 5
3947,g7,5,,북(N) 방향 거리 6
3948,g7,6,,북(N) 방향 거리 7
3949,g7,7,g7h7,동(E) 방향 거리 1
3950,g7,8,,동(E) 방향 거리 2
3951,g7,9,,동(E) 방향 거리 3
3952,g7,10,,동(E) 방향 거리 4
3953,g7,11,,동(E) 방향 거리 5
3954,g7,12,,동(E) 방향 거리 6
3955,g7,13,,동(E) 방향 거리 7
3956,g7,14,g7g6,남(S) 방향 거리 1
3957,g7,15,g7g5,남(S) 방향 거리 2
3958,g7,16,g7g4,남(S) 방향 거리 3
3959,g7,17,g7g3,남(S) 방향 거리 4
3960,g7,18,g7g2,남(S) 방향 거리 5
3961,g7,19,g7g1,남(S) 방향 거리 6
3962,g7,20,,남(S) 방향 거리 7
3963,g7,21,g7f7,서(W) 방향 거리 1
3964,g7,22,g7e7,서(W) 방향 거리 2
3965,g7,23,g7d7,서(W) 방향 거리 3
3966,g7,24,g7c7,서(W) 방향 거리 4
3967,g7,25,g7b7,서(W) 방향 거리 5
3968,g7,26,g7a7,서(W) 방향 거리 6
3969,g7,27,,서(W) 방향 거리 7
3970,g7,28,g7h8,북동(NE) 방향 거리 1
3971,g7,29,,북동(NE) 방향 거리 2
3972,g7,30,,북동(NE) 방향 거리 3
3973,g7,31,,북동(NE) 방향 거리 4
3974,g7,32,,북동(NE) 방향 거리 5
3975,g7,33,,북동(NE) 방향 거리 6
3976,g7,34,,북동(NE) 방향 거리 7
3977,g7,35,g7f8,북서(NW) 방향 거리 1
3978,g7,36,,북서(NW) 방향 거리 2
3979,g7,37,,북서(NW) 방향 거리 3
3980,g7,38,,북서(NW) 방향 거리 4
3981,g7,39,,북서(NW) 방향 거리 5
3982,g7,40,,북서(NW) 방향 거리 6
3983,g7,41,,북서(NW) 방향 거리 7
3984,g7,42,g7h6,남동(SE) 방향 거리 1
3985,g7,43,,남동(SE) 방향 거리 2
3986,g7,44,,남동(SE) 방향 거리 3
3987,g7,45,,남동(SE) 방향 거리 4
3988,g7,46,,남동(SE) 방향 거리 5
3989,g7,47,,남동(SE) 방향 거리 6
3990,g7,48,,남동(SE) 방향 거리 7
3991,g7,49,g7f6,남서(SW) 방향 거리 1
3992,g7,50,g7e5,남서(SW) 방향 거리 2
3993,g7,51,g7d4,남서(SW) 방향 거리 3
3994,g7,52,g7c3,남서(SW) 방향 거리 4
3995,g7,53,g7b2,남서(SW) 방향 거리 5
3996,g7,54,g7a1,남서(SW) 방향 거리 6
3997,g7,55,,남서(SW) 방향 거리 7
3998,g7,56,,"나이트 이동 (+1,+2)"
3999,g7,57,,"나이트 이동 (+2,+1)"
4000,g7,58,,"나이트 이동 (+2,−1)"
4001,g7,59,g7h5,"나이트 이동 (+1,−2)"
4002,g7,60,g7f5,"나이트 이동 (−1,−2)"
4003,g7,61,g7e6,"나이트 이동 (−2,−1)"
4004,g7,62,g7e8,"나이트 이동 (−2,+1)"
4005,g7,63,,"나이트 이동 (−1,+2)"
4006,g7,64,g7g8=N,폰 직진 승격 → 나이트
4007,g7,65,g7g8=B,폰 직진 승격 → 비숍
4008,g7,66,g7g8=R,폰 직진 승격 → 룩
4009,g7,67,g7h8=N,폰 대각선 우 승격 → 나이트
4010,g7,68,g7h8=B,폰 대각선 우 승격 → 비숍
4011,g7,69,g7h8=R,폰 대각선 우 승격 → 룩
4012,g7,70,g7f8=N,폰 대각선 좌 승격 → 나이트
4013,g7,71,g7f8=B,폰 대각선 좌 승격 → 비숍
4014,g7,72,g7f8=R,폰 대각선 좌 승격 → 룩
4015,h7,0,h7h8,북(N) 방향 거리 1
4016,h7,1,,북(N) 방향 거리 2
4017,h7,2,,북(N) 방향 거리 3
4018,h7,3,,북(N) 방향 거리 4
4019,h7,4,,북(N) 방향 거리 5
4020,h7,5,,북(N) 방향 거리 6
4021,h7,6,,북(N) 방향 거리 7
4022,h7,7,,동(E) 방향 거리 1
4023,h7,8,,동(E) 방향 거리 2
4024,h7,9,,동(E) 방향 거리 3
4025,h7,10,,동(E) 방향 거리 4
4026,h7,11,,동(E) 방향 거리 5
4027,h7,12,,동(E) 방향 거리 6
4028,h7,13,,동(E) 방향 거리 7
4029,h7,14,h7h6,남(S) 방향 거리 1
4030,h7,15,h7h5,남(S) 방향 거리 2
4031,h7,16,h7h4,남(S) 방향 거리 3
4032,h7,17,h7h3,남(S) 방향 거리 4
4033,h7,18,h7h2,남(S) 방향 거리 5
4034,h7,19,h7h1,남(S) 방향 거리 6
4035,h7,20,,남(S) 방향 거리 7
4036,h7,21,h7g7,서(W) 방향 거리 1
4037,h7,22,h7f7,서(W) 방향 거리 2
4038,h7,23,h7e7,서(W) 방향 거리 3
4039,h7,24,h7d7,서(W) 방향 거리 4
4040,h7,25,h7c7,서(W) 방향 거리 5
4041,h7,26,h7b7,서(W) 방향 거리 6
4042,h7,27,h7a7,서(W) 방향 거리 7
4043,h7,28,,북동(NE) 방향 거리 1
4044,h7,29,,북동(NE) 방향 거리 2
4045,h7,30,,북동(NE) 방향 거리 3
4046,h7,31,,북동(NE) 방향 거리 4
4047,h7,32,,북동(NE) 방향 거리 5
4048,h7,33,,북동(NE) 방향 거리 6
4049,h7,34,,북동(NE) 방향 거리 7
4050,h7,35,h7g8,북서(NW) 방향 거리 1
4051,h7,36,,북서(NW) 방향 거리 2
4052,h7,37,,북서(NW) 방향 거리 3
4053,h7,38,,북서(NW) 방향 거리 4
4054,h7,39,,북서(NW) 방향 거리 5
4055,h7,40,,북서(NW) 방향 거리 6
4056,h7,41,,북서(NW) 방향 거리 7
4057,h7,42,,남동(SE) 방향 거리 1
4058,h7,43,,남동(SE) 방향 거리 2
4059,h7,44,,남동(SE) 방향 거리 3
4060,h7,45,,남동(SE) 방향 거리 4
4061,h7,46,,남동(SE) 방향 거리 5
4062,h7,47,,남동(SE) 방향 거리 6
4063,h7,48,,남동(SE) 방향 거리 7
4064,h7,49,h7g6,남서(SW) 방향 거리 1
4065,h7,50,h7f5,남서(SW) 방향 거리 2
4066,h7,51,h7e4,남서(SW) 방향 거리 3
4067,h7,52,h7d3,남서(SW) 방향 거리 4
4068,h7,53,h7c2,남서(SW) 방향 거리 5
4069,h7,54,h7b1,남서(SW) 방향 거리 6
4070,h7,55,,남서(SW) 방향 거리 7
4071,h7,56,,"나이트 이동 (+1,+2)"
4072,h7,57,,"나이트 이동 (+2,+1)"
4073,h7,58,,"나이트 이동 (+2,−1)"
4074,h7,59,,"나이트 이동 (+1,−2)"
4075,h7,60,h7g5,"나이트 이동 (−1,−2)"
4076,h7,61,h7f6,"나이트 이동 (−2,−1)"
4077,h7,62,h7f8,"나이트 이동 (−2,+1)"
4078,h7,63,,"나이트 이동 (−1,+2)"
4079,h7,64,h7h8=N,폰 직진 승격 → 나이트
4080,h7,65,h7h8=B,폰 직진 승격 → 비숍
4081,h7,66,h7h8=R,폰 직진 승격 → 룩
4082,h7,67,,폰 대각선 우 승격 → 나이트
4083,h7,68,,폰 대각선 우 승격 → 비숍
4084,h7,69,,폰 대각선 우 승격 → 룩
4085,h7,70,h7g8=N,폰 대각선 좌 승격 → 나이트
4086,h7,71,h7g8=B,폰 대각선 좌 승격 → 비숍
4087,h7,72,h7g8=R,폰 대각선 좌 승격 → 룩
4088,a8,0,,북(N) 방향 거리 1
4089,a8,1,,북(N) 방향 거리 2
4090,a8,2,,북(N) 방향 거리 3
4091,a8,3,,북(N) 방향 거리 4
4092,a8,4,,북(N) 방향 거리 5
4093,a8,5,,북(N) 방향 거리 6
4094,a8,6,,북(N) 방향 거리 7
4095,a8,7,a8b8,동(E) 방향 거리 1
4096,a8,8,a8c8,동(E) 방향 거리 2
4097,a8,9,a8d8,동(E) 방향 거리 3
4098,a8,10,a8e8,동(E) 방향 거리 4
4099,a8,11,a8f8,동(E) 방향 거리 5
4100,a8,12,a8g8,동(E) 방향 거리 6
4101,a8,13,a8h8,동(E) 방향 거리 7
4102,a8,14,a8a7,남(S) 방향 거리 1
4103,a8,15,a8a6,남(S) 방향 거리 2
4104,a8,16,a8a5,남(S) 방향 거리 3
4105,a8,17,a8a4,남(S) 방향 거리 4
4106,a8,18,a8a3,남(S) 방향 거리 5
4107,a8,19,a8a2,남(S) 방향 거리 6
4108,a8,20,a8a1,남(S) 방향 거리 7
4109,a8,21,,서(W) 방향 거리 1
4110,a8,22,,서(W) 방향 거리 2
4111,a8,23,,서(W) 방향 거리 3
4112,a8,24,,서(W) 방향 거리 4
4113,a8,25,,서(W) 방향 거리 5
4114,a8,26,,서(W) 방향 거리 6
4115,a8,27,,서(W) 방향 거리 7
4116,a8,28,,북동(NE) 방향 거리 1
4117,a8,29,,북동(NE) 방향 거리 2
4118,a8,30,,북동(NE) 방향 거리 3
4119,a8,31,,북동(NE) 방향 거리 4
4120,a8,32,,북동(NE) 방향 거리 5
4121,a8,33,,북동(NE) 방향 거리 6
4122,a8,34,,북동(NE) 방향 거리 7
4123,a8,35,,북서(NW) 방향 거리 1
4124,a8,36,,북서(NW) 방향 거리 2
4125,a8,37,,북서(NW) 방향 거리 3
4126,a8,38,,북서(NW) 방향 거리 4
4127,a8,39,,북서(NW) 방향 거리 5
4128,a8,40,,북서(NW) 방향 거리 6
4129,a8,41,,북서(NW) 방향 거리 7
4130,a8,42,a8b7,남동(SE) 방향 거리 1
4131,a8,43,a8c6,남동(SE) 방향 거리 2
4132,a8,44,a8d5,남동(SE) 방향 거리 3
4133,a8,45,a8e4,남동(SE) 방향 거리 4
4134,a8,46,a8f3,남동(SE) 방향 거리 5
4135,a8,47,a8g2,남동(SE) 방향 거리 6
4136,a8,48,a8h1,남동(SE) 방향 거리 7
4137,a8,49,,남서(SW) 방향 거리 1
4138,a8,50,,남서(SW) 방향 거리 2
4139,a8,51,,남서(SW) 방향 거리 3
4140,a8,52,,남서(SW) 방향 거리 4
4141,a8,53,,남서(SW) 방향 거리 5
4142,a8,54,,남서(SW) 방향 거리 6
4143,a8,55,,남서(SW) 방향 거리 7
4144,a8,56,,"나이트 이동 (+1,+2)"
4145,a8,57,,"나이트 이동 (+2,+1)"
4146,a8,58,a8c7,"나이트 이동 (+2,−1)"
4147,a8,59,a8b6,"나이트 이동 (+1,−2)"
4148,a8,60,,"나이트 이동 (−1,−2)"
4149,a8,61,,"나이트 이동 (−2,−1)"
4150,a8,62,,"나이트 이동 (−2,+1)"
4151,a8,63,,"나이트 이동 (−1,+2)"
4152,a8,64,,폰 직진 승격 → 나이트
4153,a8,65,,폰 직진 승격 → 비숍
4154,a8,66,,폰 직진 승격 → 룩
4155,a8,67,,폰 대각선 우 승격 → 나이트
4156,a8,68,,폰 대각선 우 승격 → 비숍
4157,a8,69,,폰 대각선 우 승격 → 룩
4158,a8,70,,폰 대각선 좌 승격 → 나이트
4159,a8,71,,폰 대각선 좌 승격 → 비숍
4160,a8,72,,폰 대각선 좌 승격 → 룩
4161,b8,0,,북(N) 방향 거리 1
4162,b8,1,,북(N) 방향 거리 2
4163,b8,2,,북(N) 방향 거리 3
4164,b8,3,,북(N) 방향 거리 4
4165,b8,4,,북(N) 방향 거리 5
4166,b8,5,,북(N) 방향 거리 6
4167,b8,6,,북(N) 방향 거리 7
4168,b8,7,b8c8,동(E) 방향 거리 1
4169,b8,8,b8d8,동(E) 방향 거리 2
4170,b8,9,b8e8,동(E) 방향 거리 3
4171,b8,10,b8f8,동(E) 방향 거리 4
4172,b8,11,b8g8,동(E) 방향 거리 5
4173,b8,12,b8h8,동(E) 방향 거리 6
4174,b8,13,,동(E) 방향 거리 7
4175,b8,14,b8b7,남(S) 방향 거리 1
4176,b8,15,b8b6,남(S) 방향 거리 2
4177,b8,16,b8b5,남(S) 방향 거리 3
4178,b8,17,b8b4,남(S) 방향 거리 4
4179,b8,18,b8b3,남(S) 방향 거리 5
4180,b8,19,b8b2,남(S) 방향 거리 6
4181,b8,20,b8b1,남(S) 방향 거리 7
4182,b8,21,b8a8,서(W) 방향 거리 1
4183,b8,22,,서(W) 방향 거리 2
4184,b8,23,,서(W) 방향 거리 3
4185,b8,24,,서(W) 방향 거리 4
4186,b8,25,,서(W) 방향 거리 5
4187,b8,26,,서(W) 방향 거리 6
4188,b8,27,,서(W) 방향 거리 7
4189,b8,28,,북동(NE) 방향 거리 1
4190,b8,29,,북동(NE) 방향 거리 2
4191,b8,30,,북동(NE) 방향 거리 3
4192,b8,31,,북동(NE) 방향 거리 4
4193,b8,32,,북동(NE) 방향 거리 5
4194,b8,33,,북동(NE) 방향 거리 6
4195,b8,34,,북동(NE) 방향 거리 7
4196,b8,35,,북서(NW) 방향 거리 1
4197,b8,36,,북서(NW) 방향 거리 2
4198,b8,37,,북서(NW) 방향 거리 3
4199,b8,38,,북서(NW) 방향 거리 4
4200,b8,39,,북서(NW) 방향 거리 5
4201,b8,40,,북서(NW) 방향 거리 6
4202,b8,41,,북서(NW) 방향 거리 7
4203,b8,42,b8c7,남동(SE) 방향 거리 1
4204,b8,43,b8d6,남동(SE) 방향 거리 2
4205,b8,44,b8e5,남동(SE) 방향 거리 3
4206,b8,45,b8f4,남동(SE) 방향 거리 4
4207,b8,46,b8g3,남동(SE) 방향 거리 5
4208,b8,47,b8h2,남동(SE) 방향 거리 6
4209,b8,48,,남동(SE) 방향 거리 7
4210,b8,49,b8a7,남서(SW) 방향 거리 1
4211,b8,50,,남서(SW) 방향 거리 2
4212,b8,51,,남서(SW) 방향 거리 3
4213,b8,52,,남서(SW) 방향 거리 4
4214,b8,53,,남서(SW) 방향 거리 5
4215,b8,54,,남서(SW) 방향 거리 6
4216,b8,55,,남서(SW) 방향 거리 7
4217,b8,56,,"나이트 이동 (+1,+2)"
4218,b8,57,,"나이트 이동 (+2,+1)"
4219,b8,58,b8d7,"나이트 이동 (+2,−1)"
4220,b8,59,b8c6,"나이트 이동 (+1,−2)"
4221,b8,60,b8a6,"나이트 이동 (−1,−2)"
4222,b8,61,,"나이트 이동 (−2,−1)"
4223,b8,62,,"나이트 이동 (−2,+1)"
4224,b8,63,,"나이트 이동 (−1,+2)"
4225,b8,64,,폰 직진 승격 → 나이트
4226,b8,65,,폰 직진 승격 → 비숍
4227,b8,66,,폰 직진 승격 → 룩
4228,b8,67,,폰 대각선 우 승격 → 나이트
4229,b8,68,,폰 대각선 우 승격 → 비숍
4230,b8,69,,폰 대각선 우 승격 → 룩
4231,b8,70,,폰 대각선 좌 승격 → 나이트
4232,b8,71,,폰 대각선 좌 승격 → 비숍
4233,b8,72,,폰 대각선 좌 승격 → 룩
4234,c8,0,,북(N) 방향 거리 1
4235,c8,1,,북(N) 방향 거리 2
4236,c8,2,,북(N) 방향 거리 3
4237,c8,3,,북(N) 방향 거리 4
4238,c8,4,,북(N) 방향 거리 5
4239,c8,5,,북(N) 방향 거리 6
4240,c8,6,,북(N) 방향 거리 7
4241,c8,7,c8d8,동(E) 방향 거리 1
4242,c8,8,c8e8,동(E) 방향 거리 2
4243,c8,9,c8f8,동(E) 방향 거리 3
4244,c8,10,c8g8,동(E) 방향 거리 4
4245,c8,11,c8h8,동(E) 방향 거리 5
4246,c8,12,,동(E) 방향 거리 6
4247,c8,13,,동(E) 방향 거리 7
4248,c8,14,c8c7,남(S) 방향 거리 1
4249,c8,15,c8c6,남(S) 방향 거리 2
4250,c8,16,c8c5,남(S) 방향 거리 3
4251,c8,17,c8c4,남(S) 방향 거리 4
4252,c8,18,c8c3,남(S) 방향 거리 5
4253,c8,19,c8c2,남(S) 방향 거리 6
4254,c8,20,c8c1,남(S) 방향 거리 7
4255,c8,21,c8b8,서(W) 방향 거리 1
4256,c8,22,c8a8,서(W) 방향 거리 2
4257,c8,23,,서(W) 방향 거리 3
4258,c8,24,,서(W) 방향 거리 4
4259,c8,25,,서(W) 방향 거리 5
4260,c8,26,,서(W) 방향 거리 6
4261,c8,27,,서(W) 방향 거리 7
4262,c8,28,,북동(NE) 방향 거리 1
4263,c8,29,,북동(NE) 방향 거리 2
4264,c8,30,,북동(NE) 방향 거리 3
4265,c8,31,,북동(NE) 방향 거리 4
4266,c8,32,,북동(NE) 방향 거리 5
4267,c8,33,,북동(NE) 방향 거리 6
4268,c8,34,,북동(NE) 방향 거리 7
4269,c8,35,,북서(NW) 방향 거리 1
4270,c8,36,,북서(NW) 방향 거리 2
4271,c8,37,,북서(NW) 방향 거리 3
4272,c8,38,,북서(NW) 방향 거리 4
4273,c8,39,,북서(NW) 방향 거리 5
4274,c8,40,,북서(NW) 방향 거리 6
4275,c8,41,,북서(NW) 방향 거리 7
4276,c8,42,c8d7,남동(SE) 방향 거리 1
4277,c8,43,c8e6,남동(SE) 방향 거리 2
4278,c8,44,c8f5,남동(SE) 방향 거리 3
4279,c8,45,c8g4,남동(SE) 방향 거리 4
4280,c8,46,c8h3,남동(SE) 방향 거리 5
4281,c8,47,,남동(SE) 방향 거리 6
4282,c8,48,,남동(SE) 방향 거리 7
4283,c8,49,c8b7,남서(SW) 방향 거리 1
4284,c8,50,c8a6,남서(SW) 방향 거리 2
4285,c8,51,,남서(SW) 방향 거리 3
4286,c8,52,,남서(SW) 방향 거리 4
4287,c8,53,,남서(SW) 방향 거리 5
4288,c8,54,,남서(SW) 방향 거리 6
4289,c8,55,,남서(SW) 방향 거리 7
4290,c8,56,,"나이트 이동 (+1,+2)"
4291,c8,57,,"나이트 이동 (+2,+1)"
4292,c8,58,c8e7,"나이트 이동 (+2,−1)"
4293,c8,59,c8d6,"나이트 이동 (+1,−2)"
4294,c8,60,c8b6,"나이트 이동 (−1,−2)"
4295,c8,61,c8a7,"나이트 이동 (−2,−1)"
4296,c8,62,,"나이트 이동 (−2,+1)"
4297,c8,63,,"나이트 이동 (−1,+2)"
4298,c8,64,,폰 직진 승격 → 나이트
4299,c8,65,,폰 직진 승격 → 비숍
4300,c8,66,,폰 직진 승격 → 룩
4301,c8,67,,폰 대각선 우 승격 → 나이트
4302,c8,68,,폰 대각선 우 승격 → 비숍
4303,c8,69,,폰 대각선 우 승격 → 룩
4304,c8,70,,폰 대각선 좌 승격 → 나이트
4305,c8,71,,폰 대각선 좌 승격 → 비숍
4306,c8,72,,폰 대각선 좌 승격 → 룩
4307,d8,0,,북(N) 방향 거리 1
4308,d8,1,,북(N) 방향 거리 2
4309,d8,2,,북(N) 방향 거리 3
4310,d8,3,,북(N) 방향 거리 4
4311,d8,4,,북(N) 방향 거리 5
4312,d8,5,,북(N) 방향 거리 6
4313,d8,6,,북(N) 방향 거리 7
4314,d8,7,d8e8,동(E) 방향 거리 1
4315,d8,8,d8f8,동(E) 방향 거리 2
4316,d8,9,d8g8,동(E) 방향 거리 3
4317,d8,10,d8h8,동(E) 방향 거리 4
4318,d8,11,,동(E) 방향 거리 5
4319,d8,12,,동(E) 방향 거리 6
4320,d8,13,,동(E) 방향 거리 7
4321,d8,14,d8d7,남(S) 방향 거리 1
4322,d8,15,d8d6,남(S) 방향 거리 2
4323,d8,16,d8d5,남(S) 방향 거리 3
4324,d8,17,d8d4,남(S) 방향 거리 4
4325,d8,18,d8d3,남(S) 방향 거리 5
4326,d8,19,d8d2,남(S) 방향 거리 6
4327,d8,20,d8d1,남(S) 방향 거리 7
4328,d8,21,d8c8,서(W) 방향 거리 1
4329,d8,22,d8b8,서(W) 방향 거리 2
4330,d8,23,d8a8,서(W) 방향 거리 3
4331,d8,24,,서(W) 방향 거리 4
4332,d8,25,,서(W) 방향 거리 5
4333,d8,26,,서(W) 방향 거리 6
4334,d8,27,,서(W) 방향 거리 7
4335,d8,28,,북동(NE) 방향 거리 1
4336,d8,29,,북동(NE) 방향 거리 2
4337,d8,30,,북동(NE) 방향 거리 3
4338,d8,31,,북동(NE) 방향 거리 4
4339,d8,32,,북동(NE) 방향 거리 5
4340,d8,33,,북동(NE) 방향 거리 6
4341,d8,34,,북동(NE) 방향 거리 7
4342,d8,35,,북서(NW) 방향 거리 1
4343,d8,36,,북서(NW) 방향 거리 2
4344,d8,37,,북서(NW) 방향 거리 3
4345,d8,38,,북서(NW) 방향 거리 4
4346,d8,39,,북서(NW) 방향 거리 5
4347,d8,40,,북서(NW) 방향 거리 6
4348,d8,41,,북서(NW) 방향 거리 7
4349,d8,42,d8e7,남동(SE) 방향 거리 1
4350,d8,43,d8f6,남동(SE) 방향 거리 2
4351,d8,44,d8g5,남동(SE) 방향 거리 3
4352,d8,45,d8h4,남동(SE) 방향 거리 4
4353,d8,46,,남동(SE) 방향 거리 5
4354,d8,47,,남동(SE) 방향 거리 6
4355,d8,48,,남동(SE) 방향 거리 7
4356,d8,49,d8c7,남서(SW) 방향 거리 1
4357,d8,50,d8b6,남서(SW) 방향 거리 2
4358,d8,51,d8a5,남서(SW) 방향 거리 3
4359,d8,52,,남서(SW) 방향 거리 4
4360,d8,53,,남서(SW) 방향 거리 5
4361,d8,54,,남서(SW) 방향 거리 6
4362,d8,55,,남서(SW) 방향 거리 7
4363,d8,56,,"나이트 이동 (+1,+2)"
4364,d8,57,,"나이트 이동 (+2,+1)"
4365,d8,58,d8f7,"나이트 이동 (+2,−1)"
4366,d8,59,d8e6,"나이트 이동 (+1,−2)"
4367,d8,60,d8c6,"나이트 이동 (−1,−2)"
4368,d8,61,d8b7,"나이트 이동 (−2,−1)"
4369,d8,62,,"나이트 이동 (−2,+1)"
4370,d8,63,,"나이트 이동 (−1,+2)"
4371,d8,64,,폰 직진 승격 → 나이트
4372,d8,65,,폰 직진 승격 → 비숍
4373,d8,66,,폰 직진 승격 → 룩
4374,d8,67,,폰 대각선 우 승격 → 나이트
4375,d8,68,,폰 대각선 우 승격 → 비숍
4376,d8,69,,폰 대각선 우 승격 → 룩
4377,d8,70,,폰 대각선 좌 승격 → 나이트
4378,d8,71,,폰 대각선 좌 승격 → 비숍
4379,d8,72,,폰 대각선 좌 승격 → 룩
4380,e8,0,,북(N) 방향 거리 1
4381,e8,1,,북(N) 방향 거리 2
4382,e8,2,,북(N) 방향 거리 3
4383,e8,3,,북(N) 방향 거리 4
4384,e8,4,,북(N) 방향 거리 5
4385,e8,5,,북(N) 방향 거리 6
4386,e8,6,,북(N) 방향 거리 7
4387,e8,7,e8f8,동(E) 방향 거리 1
4388,e8,8,e8g8,동(E) 방향 거리 2
4389,e8,9,e8h8,동(E) 방향 거리 3
4390,e8,10,,동(E) 방향 거리 4
4391,e8,11,,동(E) 방향 거리 5
4392,e8,12,,동(E) 방향 거리 6
4393,e8,13,,동(E) 방향 거리 7
4394,e8,14,e8e7,남(S) 방향 거리 1
4395,e8,15,e8e6,남(S) 방향 거리 2
4396,e8,16,e8e5,남(S) 방향 거리 3
4397,e8,17,e8e4,남(S) 방향 거리 4
4398,e8,18,e8e3,남(S) 방향 거리 5
4399,e8,19,e8e2,남(S) 방향 거리 6
4400,e8,20,e8e1,남(S) 방향 거리 7
4401,e8,21,e8d8,서(W) 방향 거리 1
4402,e8,22,e8c8,서(W) 방향 거리 2
4403,e8,23,e8b8,서(W) 방향 거리 3
4404,e8,24,e8a8,서(W) 방향 거리 4
4405,e8,25,,서(W) 방향 거리 5
4406,e8,26,,서(W) 방향 거리 6
4407,e8,27,,서(W) 방향 거리 7
4408,e8,28,,북동(NE) 방향 거리 1
4409,e8,29,,북동(NE) 방향 거리 2
4410,e8,30,,북동(NE) 방향 거리 3
4411,e8,31,,북동(NE) 방향 거리 4
4412,e8,32,,북동(NE) 방향 거리 5
4413,e8,33,,북동(NE) 방향 거리 6
4414,e8,34,,북동(NE) 방향 거리 7
4415,e8,35,,북서(NW) 방향 거리 1
4416,e8,36,,북서(NW) 방향 거리 2
4417,e8,37,,북서(NW) 방향 거리 3
4418,e8,38,,북서(NW) 방향 거리 4
4419,e8,39,,북서(NW) 방향 거리 5
4420,e8,40,,북서(NW) 방향 거리 6
4421,e8,41,,북서(NW) 방향 거리 7
4422,e8,42,e8f7,남동(SE) 방향 거리 1
4423,e8,43,e8g6,남동(SE) 방향 거리 2
4424,e8,44,e8h5,남동(SE) 방향 거리 3
4425,e8,45,,남동(SE) 방향 거리 4
4426,e8,46,,남동(SE) 방향 거리 5
4427,e8,47,,남동(SE) 방향 거리 6
4428,e8,48,,남동(SE) 방향 거리 7
4429,e8,49,e8d7,남서(SW) 방향 거리 1
4430,e8,50,e8c6,남서(SW) 방향 거리 2
4431,e8,51,e8b5,남서(SW) 방향 거리 3
4432,e8,52,e8a4,남서(SW) 방향 거리 4
4433,e8,53,,남서(SW) 방향 거리 5
4434,e8,54,,남서(SW) 방향 거리 6
4435,e8,55,,남서(SW) 방향 거리 7
4436,e8,56,,"나이트 이동 (+1,+2)"
4437,e8,57,,"나이트 이동 (+2,+1)"
4438,e8,58,e8g7,"나이트 이동 (+2,−1)"
4439,e8,59,e8f6,"나이트 이동 (+1,−2)"
4440,e8,60,e8d6,"나이트 이동 (−1,−2)"
4441,e8,61,e8c7,"나이트 이동 (−2,−1)"
4442,e8,62,,"나이트 이동 (−2,+1)"
4443,e8,63,,"나이트 이동 (−1,+2)"
4444,e8,64,,폰 직진 승격 → 나이트
4445,e8,65,,폰 직진 승격 → 비숍
4446,e8,66,,폰 직진 승격 → 룩
4447,e8,67,,폰 대각선 우 승격 → 나이트
4448,e8,68,,폰 대각선 우 승격 → 비숍
4449,e8,69,,폰 대각선 우 승격 → 룩
4450,e8,70,,폰 대각선 좌 승격 → 나이트
4451,e8,71,,폰 대각선 좌 승격 → 비숍
4452,e8,72,,폰 대각선 좌 승격 → 룩
4453,f8,0,,북(N) 방향 거리 1
4454,f8,1,,북(N) 방향 거리 2
4455,f8,2,,북(N) 방향 거리 3
4456,f8,3,,북(N) 방향 거리 4
4457,f8,4,,북(N) 방향 거리 5
4458,f8,5,,북(N) 방향 거리 6
4459,f8,6,,북(N) 방향 거리 7
4460,f8,7,f8g8,동(E) 방향 거리 1
4461,f8,8,f8h8,동(E) 방향 거리 2
4462,f8,9,,동(E) 방향 거리 3
4463,f8,10,,동(E) 방향 거리 4
4464,f8,11,,동(E) 방향 거리 5
4465,f8,12,,동(E) 방향 거리 6
4466,f8,13,,동(E) 방향 거리 7
4467,f8,14,f8f7,남(S) 방향 거리 1
4468,f8,15,f8f6,남(S) 방향 거리 2
4469,f8,16,f8f5,남(S) 방향 거리 3
4470,f8,17,f8f4,남(S) 방향 거리 4
4471,f8,18,f8f3,남(S) 방향 거리 5
4472,f8,19,f8f2,남(S) 방향 거리 6
4473,f8,20,f8f1,남(S) 방향 거리 7
4474,f8,21,f8e8,서(W) 방향 거리 1
4475,f8,22,f8d8,서(W) 방향 거리 2
4476,f8,23,f8c8,서(W) 방향 거리 3
4477,f8,24,f8b8,서(W) 방향 거리 4
4478,f8,25,f8a8,서(W) 방향 거리 5
4479,f8,26,,서(W) 방향 거리 6
4480,f8,27,,서(W) 방향 거리 7
4481,f8,28,,북동(NE) 방향 거리 1
4482,f8,29,,북동(NE) 방향 거리 2
4483,f8,30,,북동(NE) 방향 거리 3
4484,f8,31,,북동(NE) 방향 거리 4
4485,f8,32,,북동(NE) 방향 거리 5
4486,f8,33,,북동(NE) 방향 거리 6
4487,f8,34,,북동(NE) 방향 거리 7
4488,f8,35,,북서(NW) 방향 거리 1
4489,f8,36,,북서(NW) 방향 거리 2
4490,f8,37,,북서(NW) 방향 거리 3
4491,f8,38,,북서(NW) 방향 거리 4
4492,f8,39,,북서(NW) 방향 거리 5
4493,f8,40,,북서(NW) 방향 거리 6
4494,f8,41,,북서(NW) 방향 거리 7
4495,f8,42,f8g7,남동(SE) 방향 거리 1
4496,f8,43,f8h6,남동(SE) 방향 거리 2
4497,f8,44,,남동(SE) 방향 거리 3
4498,f8,45,,남동(SE) 방향 거리 4
4499,f8,46,,남동(SE) 방향 거리 5
4500,f8,47,,남동(SE) 방향 거리 6
4501,f8,48,,남동(SE) 방향 거리 7
4502,f8,49,f8e7,남서(SW) 방향 거리 1
4503,f8,50,f8d6,남서(SW) 방향 거리 2
4504,f8,51,f8c5,남서(SW) 방향 거리 3
4505,f8,52,f8b4,남서(SW) 방향 거리 4
4506,f8,53,f8a3,남서(SW) 방향 거리 5
4507,f8,54,,남서(SW) 방향 거리 6
4508,f8,55,,남서(SW) 방향 거리 7
4509,f8,56,,"나이트 이동 (+1,+2)"
4510,f8,57,,"나이트 이동 (+2,+1)"
4511,f8,58,f8h7,"나이트 이동 (+2,−1)"
4512,f8,59,f8g6,"나이트 이동 (+1,−2)"
4513,f8,60,f8e6,"나이트 이동 (−1,−2)"
4514,f8,61,f8d7,"나이트 이동 (−2,−1)"
4515,f8,62,,"나이트 이동 (−2,+1)"
4516,f8,63,,"나이트 이동 (−1,+2)"
4517,f8,64,,폰 직진 승격 → 나이트
4518,f8,65,,폰 직진 승격 → 비숍
4519,f8,66,,폰 직진 승격 → 룩
4520,f8,67,,폰 대각선 우 승격 → 나이트
4521,f8,68,,폰 대각선 우 승격 → 비숍
4522,f8,69,,폰 대각선 우 승격 → 룩
4523,f8,70,,폰 대각선 좌 승격 → 나이트
4524,f8,71,,폰 대각선 좌 승격 → 비숍
4525,f8,72,,폰 대각선 좌 승격 → 룩
4526,g8,0,,북(N) 방향 거리 1
4527,g8,1,,북(N) 방향 거리 2
4528,g8,2,,북(N) 방향 거리 3
4529,g8,3,,북(N) 방향 거리 4
4530,g8,4,,북(N) 방향 거리 5
4531,g8,5,,북(N) 방향 거리 6
4532,g8,6,,북(N) 방향 거리 7
4533,g8,7,g8h8,동(E) 방향 거리 1
4534,g8,8,,동(E) 방향 거리 2
4535,g8,9,,동(E) 방향 거리 3
4536,g8,10,,동(E) 방향 거리 4
4537,g8,11,,동(E) 방향 거리 5
4538,g8,12,,동(E) 방향 거리 6
4539,g8,13,,동(E) 방향 거리 7
4540,g8,14,g8g7,남(S) 방향 거리 1
4541,g8,15,g8g6,남(S) 방향 거리 2
4542,g8,16,g8g5,남(S) 방향 거리 3
4543,g8,17,g8g4,남(S) 방향 거리 4
4544,g8,18,g8g3,남(S) 방향 거리 5
4545,g8,19,g8g2,남(S) 방향 거리 6
4546,g8,20,g8g1,남(S) 방향 거리 7
4547,g8,21,g8f8,서(W) 방향 거리 1
4548,g8,22,g8e8,서(W) 방향 거리 2
4549,g8,23,g8d8,서(W) 방향 거리 3
4550,g8,24,g8c8,서(W) 방향 거리 4
4551,g8,25,g8b8,서(W) 방향 거리 5
4552,g8,26,g8a8,서(W) 방향 거리 6
4553,g8,27,,서(W) 방향 거리 7
4554,g8,28,,북동(NE) 방향 거리 1
4555,g8,29,,북동(NE) 방향 거리 2
4556,g8,30,,북동(NE) 방향 거리 3
4557,g8,31,,북동(NE) 방향 거리 4
4558,g8,32,,북동(NE) 방향 거리 5
4559,g8,33,,북동(NE) 방향 거리 6
4560,g8,34,,북동(NE) 방향 거리 7
4561,g8,35,,북서(NW) 방향 거리 1
4562,g8,36,,북서(NW) 방향 거리 2
4563,g8,37,,북서(NW) 방향 거리 3
4564,g8,38,,북서(NW) 방향 거리 4
4565,g8,39,,북서(NW) 방향 거리 5
4566,g8,40,,북서(NW) 방향 거리 6
4567,g8,41,,북서(NW) 방향 거리 7
4568,g8,42,g8h7,남동(SE) 방향 거리 1
4569,g8,43,,남동(SE) 방향 거리 2
4570,g8,44,,남동(SE) 방향 거리 3
4571,g8,45,,남동(SE) 방향 거리 4
4572,g8,46,,남동(SE) 방향 거리 5
4573,g8,47,,남동(SE) 방향 거리 6
4574,g8,48,,남동(SE) 방향 거리 7
4575,g8,49,g8f7,남서(SW) 방향 거리 1
4576,g8,50,g8e6,남서(SW) 방향 거리 2
4577,g8,51,g8d5,남서(SW) 방향 거리 3
4578,g8,52,g8c4,남서(SW) 방향 거리 4
4579,g8,53,g8b3,남서(SW) 방향 거리 5
4580,g8,54,g8a2,남서(SW) 방향 거리 6
4581,g8,55,,남서(SW) 방향 거리 7
4582,g8,56,,"나이트 이동 (+1,+2)"
4583,g8,57,,"나이트 이동 (+2,+1)"
4584,g8,58,,"나이트 이동 (+2,−1)"
4585,g8,59,g8h6,"나이트 이동 (+1,−2)"
4586,g8,60,g8f6,"나이트 이동 (−1,−2)"
4587,g8,61,g8e7,"나이트 이동 (−2,−1)"
4588,g8,62,,"나이트 이동 (−2,+1)"
4589,g8,63,,"나이트 이동 (−1,+2)"
4590,g8,64,,폰 직진 승격 → 나이트
4591,g8,65,,폰 직진 승격 → 비숍
4592,g8,66,,폰 직진 승격 → 룩
4593,g8,67,,폰 대각선 우 승격 → 나이트
4594,g8,68,,폰 대각선 우 승격 → 비숍
4595,g8,69,,폰 대각선 우 승격 → 룩
4596,g8,70,,폰 대각선 좌 승격 → 나이트
4597,g8,71,,폰 대각선 좌 승격 → 비숍
4598,g8,72,,폰 대각선 좌 승격 → 룩
4599,h8,0,,북(N) 방향 거리 1
4600,h8,1,,북(N) 방향 거리 2
4601,h8,2,,북(N) 방향 거리 3
4602,h8,3,,북(N) 방향 거리 4
4603,h8,4,,북(N) 방향 거리 5
4604,h8,5,,북(N) 방향 거리 6
4605,h8,6,,북(N) 방향 거리 7
4606,h8,7,,동(E) 방향 거리 1
4607,h8,8,,동(E) 방향 거리 2
4608,h8,9,,동(E) 방향 거리 3
4609,h8,10,,동(E) 방향 거리 4
4610,h8,11,,동(E) 방향 거리 5
4611,h8,12,,동(E) 방향 거리 6
4612,h8,13,,동(E) 방향 거리 7
4613,h8,14,h8h7,남(S) 방향 거리 1
4614,h8,15,h8h6,남(S) 방향 거리 2
4615,h8,16,h8h5,남(S) 방향 거리 3
4616,h8,17,h8h4,남(S) 방향 거리 4
4617,h8,18,h8h3,남(S) 방향 거리 5
4618,h8,19,h8h2,남(S) 방향 거리 6
4619,h8,20,h8h1,남(S) 방향 거리 7
4620,h8,21,h8g8,서(W) 방향 거리 1
4621,h8,22,h8f8,서(W) 방향 거리 2
4622,h8,23,h8e8,서(W) 방향 거리 3
4623,h8,24,h8d8,서(W) 방향 거리 4
4624,h8,25,h8c8,서(W) 방향 거리 5
4625,h8,26,h8b8,서(W) 방향 거리 6
4626,h8,27,h8a8,서(W) 방향 거리 7
4627,h8,28,,북동(NE) 방향 거리 1
4628,h8,29,,북동(NE) 방향 거리 2
4629,h8,30,,북동(NE) 방향 거리 3
4630,h8,31,,북동(NE) 방향 거리 4
4631,h8,32,,북동(NE) 방향 거리 5
4632,h8,33,,북동(NE) 방향 거리 6
4633,h8,34,,북동(NE) 방향 거리 7
4634,h8,35,,북서(NW) 방향 거리 1
4635,h8,36,,북서(NW) 방향 거리 2
4636,h8,37,,북서(NW) 방향 거리 3
4637,h8,38,,북서(NW) 방향 거리 4
4638,h8,39,,북서(NW) 방향 거리 5
4639,h8,40,,북서(NW) 방향 거리 6
4640,h8,41,,북서(NW) 방향 거리 7
4641,h8,42,,남동(SE) 방향 거리 1
4642,h8,43,,남동(SE) 방향 거리 2
4643,h8,44,,남동(SE) 방향 거리 3
4644,h8,45,,남동(SE) 방향 거리 4
4645,h8,46,,남동(SE) 방향 거리 5
4646,h8,47,,남동(SE) 방향 거리 6
4647,h8,48,,남동(SE) 방향 거리 7
4648,h8,49,h8g7,남서(SW) 방향 거리 1
4649,h8,50,h8f6,남서(SW) 방향 거리 2
4650,h8,51,h8e5,남서(SW) 방향 거리 3
4651,h8,52,h8d4,남서(SW) 방향 거리 4
4652,h8,53,h8c3,남서(SW) 방향 거리 5
4653,h8,54,h8b2,남서(SW) 방향 거리 6
4654,h8,55,h8a1,남서(SW) 방향 거리 7
4655,h8,56,,"나이트 이동 (+1,+2)"
4656,h8,57,,"나이트 이동 (+2,+1)"
4657,h8,58,,"나이트 이동 (+2,−1)"
4658,h8,59,,"나이트 이동 (+1,−2)"
4659,h8,60,h8g6,"나이트 이동 (−1,−2)"
4660,h8,61,h8f7,"나이트 이동 (−2,−1)"
4661,h8,62,,"나이트 이동 (−2,+1)"
4662,h8,63,,"나이트 이동 (−1,+2)"
4663,h8,64,,폰 직진 승격 → 나이트
4664,h8,65,,폰 직진 승격 → 비숍
4665,h8,66,,폰 직진 승격 → 룩
4666,h8,67,,폰 대각선 우 승격 → 나이트
4667,h8,68,,폰 대각선 우 승격 → 비숍
4668,h8,69,,폰 대각선 우 승격 → 룩
4669,h8,70,,폰 대각선 좌 승격 → 나이트
4670,h8,71,,폰 대각선 좌 승격 → 비숍
4671,h8,72,,폰 대각선 좌 승격 → 룩
